1,Tito,Vowells,tvowells0@nhs.uk,$2a$04$bZLBz.veDXtLz0A2VFK0JuBjU4IfFGyV.jXoSep8Jn9OZfVcflqF.,Admin
2,Niven,Epp,nepp1@barnesandnoble.com,$2a$04$A9krrUKLnUDwJcUdNU1dbOrBarGAldtCulWHqTXSWcTxL3cGaGglC,Intern
3,Alexina,Bestwall,abestwall2@businessweek.com,$2a$04$gSocwa0tdkEchaPnq.WhhOACoHoNQXLDLX4NXLGiABW/r4xQolvpO,Tribe Master
4,Ryley,Le Moucheux,rlemoucheux3@sciencedaily.com,$2a$04$CbdqFUPOxP7lHjWBbClXiuC3JNipFuADbIfBFuXiGQgEnn4fM4bvm,Senior Developer
5,Emmanuel,Prosh,eprosh4@jiathis.com,$2a$04$elx/GLjPCwtKZKzcjTr05OfFJaJ/M7KvubHSAB1nuESKp.kErIXiK,Intern
6,Sarina,Shevelin,sshevelin5@princeton.edu,$2a$04$TSaF3.NC1383y6zsQI.kVupjTEwIh8xDhFkuAfEH7HEXlF66iW68q,Consultant
7,Bastian,Inman,binman6@jalbum.net,$2a$04$sgVbJnvLiD3h5nTBLa4KlOcuIZml7Qd26G7Obv.aH1yzgo3FaukYq,Senior Developer
8,Bendix,Huddle,bhuddle7@freewebs.com,$2a$04$Pcn1hJwBVXsBdmHHcNCeOOybqlwMO8ZEc7p8rFaY59v5A9sl3IVZK,Intern
9,Jenny,Dolden,jdolden8@google.com.au,$2a$04$oPbdE8JmpmcdIJjtN1Ebnu7ib2I2Vrl0/OKdmX6geFP0q.dKYOtMi,Admin
10,Tiena,Bigley,tbigley9@nih.gov,$2a$04$CBsGbG6K1zCASRin8O1SaOpX7I7cWRfN8H5407pVepTnQNV00mPyS,Senior Developer
11,Florian,Gordon,fgordona@is.gd,$2a$04$EnIAT32FHK6UWW47ykRQwO6yblNTi20k0gbvpRyz8TYIMfg5ukVSC,Senior Developer
12,Laverne,Searchfield,lsearchfieldb@w3.org,$2a$04$nToF11O6leaF4xXgwy/fwO4VCtUwenXVHwdgfeoanxYziHBc/D8hS,Tribe Master
13,Robinet,Edmundson,redmundsonc@cafepress.com,$2a$04$m27cCM0oYG0zvqSbNJ5qCOjlxuLXiNoiCLq6B/maPLyVbrvudjhSS,Consultant
14,Bria,Trowill,btrowilld@economist.com,$2a$04$0FrisxsVdlmAlUaNj1j5OOWxCIPrZporjMcFMqrfrqrmJqLxf/Z7G,Consultant
15,Oralle,Blance,oblancee@ucoz.ru,$2a$04$LBjHeU41xV3fw4nwmo1oRuD4spl10UKgqrThxyKuqAvdeoS7D4Nja,Senior Developer
16,Fabien,Matis,fmatisf@dedecms.com,$2a$04$Z6/dPAlZS6sF.DKSbcu8b.Wx3i8cNiX6M.i4sAT1h.cuMHtTLz8TG,Consultant
17,Colan,Colmer,ccolmerg@nhs.uk,$2a$04$7N1IHVUOXjI9tAEFhBO.A.9sKfG0PZDxj0yX3d.VutKwF98veJpEG,Senior Developer
18,Jedd,Cawte,jcawteh@timesonline.co.uk,$2a$04$g2hanC1SpSwsVOSugW5afuRyhZx86plbtMLdCX4cXjAVeDughnNle,Admin
19,Tim,Harp,tharpi@etsy.com,$2a$04$Mn.GUnzaQ35xFSHzaYJIJ.8CwyJkkH27zQJsME7VmehS2Wids2hlS,Tribe Master
20,Natka,Davys,ndavysj@youku.com,$2a$04$gLJfF42z5JDg.Vl48J5U5O.pQDYPwPk8SIzb4EdNX.en2Hx86bvB2,Consultant
21,Min,Roddie,mroddiek@princeton.edu,$2a$04$tC062y8KhUeOprsUU1upOOWTEa/fxse1Ugp9hhjshJOhgiHPQTYlq,Tribe Master
22,Nikos,Aizik,naizikl@typepad.com,$2a$04$hX2kJrmV6iiFYEeARAP1POjtoBlbsaQOYVzM6L7gAwZu6QmnJzKmK,Consultant
23,Blaire,MacKeogh,bmackeoghm@cyberchimps.com,$2a$04$LaLT0t7UplFllLTULFhtKuki0KugSxWpY1oTQPO94M6hTwNsQh5cy,Tribe Master
24,Keelby,Luesley,kluesleyn@answers.com,$2a$04$yKGwfV.uK.gAazxC1jzSouO7LhMthPVfAsTqNja7dm.KlKPn5Z4Ke,Admin
25,Anita,M'Barron,ambarrono@4shared.com,$2a$04$jgSg7diJ0JOTA8l.ayUN9e0N2ElDKednqKPRPNHWGbbwcKv.gxepq,Consultant
26,Ross,Dundridge,rdundridgep@gravatar.com,$2a$04$yQPAcCtKZwtA5XPitkbZ.OtwM9.U.bJYQt2NovcdLtaqC3ROv3fAm,Consultant
27,Kipper,Whimper,kwhimperq@independent.co.uk,$2a$04$EgRXgRHgjIBHb6EbNXLaAens3ZXzhe317r8RAbzO8IHwIeW5jHVqu,Admin
28,Nikoletta,Ahrendsen,nahrendsenr@pen.io,$2a$04$9Af7M/SagJUdaTI9p.CYCO1jEVztjco3HFPc5REUzVQCBVLC81AcO,Consultant
29,Lorenzo,Bonnaire,lbonnaires@cnet.com,$2a$04$N6klMRx/fsU7N0gTZ4na.uoccivbYmEyvRLEF4GehxJ64sGR74wmC,Admin
30,Mano,McGaw,mmcgawt@vinaora.com,$2a$04$jqBOAa5wvvc15879W9kvgepckdnIKNviajCcnDw6L28sgkCNxqmbS,Senior Developer
31,Donall,Wardingley,dwardingleyu@dailymotion.com,$2a$04$2oNIdEGWk6HPuIbUiNnGFOrem.uqvtC8ZUrssdoWdwfEu27IDSQp6,Tribe Master
32,Linell,Boyall,lboyallv@google.com,$2a$04$o2GcxpPufwozB0dUHNbyiuN76EuJnMbHr/ZhSJ.G0X.9cHvILRBWa,Intern
33,Denise,McLeese,dmcleesew@nationalgeographic.com,$2a$04$zRK73ag1c1gpFz031FHyCOCkM8UCal6vTwCfGIax2VdmP1mP9RTRC,Tribe Master
34,Shadow,Frede,sfredex@deviantart.com,$2a$04$F0Otl5lVXxMYEpejyd2kZuIeG.ZR5AdsHFll.Iiu2Ar9Xuq2Ocl9q,Tribe Master
35,Richard,Vanezis,rvanezisy@hao123.com,$2a$04$hAb8F383XN4Yn3orzmcW3.ZQ/JI7Vcp8D20VpEJLWn3dwDmJJg1w6,Senior Developer
36,Lib,McGauhy,lmcgauhyz@nifty.com,$2a$04$sY92v5p8N/M7G7VFmQ0uDOa9GaXGTgv9tCdjqN3d4f4AkCNBZsJVi,Senior Developer
37,Giulietta,Dilgarno,gdilgarno10@nationalgeographic.com,$2a$04$guV2qB2CXhMUvELuA1lbmuFK5FRX776jyRox5wrmt.FaBD5GnYEZG,Tribe Master
38,Arturo,Marvin,amarvin11@theguardian.com,$2a$04$GiPLzz3V.16Sb5rCtQFWi.4P21mre11dzqE4FAwle.uhNiOasvPhG,Senior Developer
39,Ashli,Fossick,afossick12@wikipedia.org,$2a$04$gXcgVtjAt6y009hZ7iqAYuTKJYk7ih6yXcDd0HtAmY.Mpw2tJ5LeO,Intern
40,Teddy,Haywood,thaywood13@zimbio.com,$2a$04$3RuxTSIfoeEavjLRdmtBd.VI.mlaZLysLQtM3HpC2VgI71khiAEKy,Intern
41,Jo ann,Jorin,jjorin14@house.gov,$2a$04$P0SA85OYA9IRBXMGSRx7ReFHDikly1S2Nwz590L0JcbeJ3jKtUXS6,Senior Developer
42,Gretta,Almey,galmey15@elpais.com,$2a$04$KpOyWnc0YZ7/8yW9zYyusOqI4jdxEVn6RkfiJESAat.mEIpj02oIm,Consultant
43,Barrie,Tremayle,btremayle16@digg.com,$2a$04$ytQXzKhIhUBlDRR0QABcnu4em4WySELAvxrNN68PH6TQEMEuTCMBq,Intern
44,Faun,Lingfoot,flingfoot17@sbwire.com,$2a$04$Qb06kOfenoNZHhzu0K5buOQ3WVCRE.ZU7TdiwmeLNPAbNUiWbkURi,Consultant
45,Cletis,Pordall,cpordall18@wisc.edu,$2a$04$cMchyJk6lcKumMMyIDOUiucWt4IvhORoBXeOC6U/VtNsGQBR/3ywC,Tribe Master
46,Tabbie,Grainger,tgrainger19@ycombinator.com,$2a$04$KucYVRGy205XM6bR3WnJF.cORM.DjlWAXrlC5aq4W5CBrtddOYz1.,Admin
47,Kennie,McLucas,kmclucas1a@wufoo.com,$2a$04$VwlwmzAwhHykECt31jMZ4ea5yu3yjkxfsxBez31Fxwzye/wrOL8sa,Intern
48,Cecilio,Lydall,clydall1b@purevolume.com,$2a$04$2ol5Bdk83qGE5QIFHCfi.eRV4IvGQ/aZgInVbg8Gy/DxIgtT7KARy,Consultant
49,Conant,Martinez,cmartinez1c@noaa.gov,$2a$04$q0S9WBuoNejoK/4rSNjoK.dd2TLqT.xWJ/7scECeTrcxaN1PhQPyi,Admin
50,Sherrie,MacKill,smackill1d@usa.gov,$2a$04$xEBFO9AZDpAxjZLGw53hq.P69VqZ69RGgTGKyaO9.1BcEUrhWgT42,Intern
51,Claudina,Riba,criba1e@photobucket.com,$2a$04$VvEHIkAavtdwJDISVfMDSe8hnej1HmbMPvI/m7Klkpoj.q4gxdkXO,Admin
52,Jeri,Le Ball,jleball1f@google.pl,$2a$04$U5f08wGOX5ARdQcw9PiObuEOYl8ePVwDGZE/h/LtZn6LX61M31lAG,Consultant
53,Binni,Vanyashkin,bvanyashkin1g@dmoz.org,$2a$04$h/ovZtuQttEq4nBr8c1TruPySMs03XFwKvqptHrbqA6BmeX067RrK,Admin
54,Will,Kissick,wkissick1h@creativecommons.org,$2a$04$JOTyKQeZIWJj7AHin1XXQO5PBd/dm.OXULR8nA/tq/TY7Sv2RFysi,Intern
55,Wilburt,Haucke,whaucke1i@nsw.gov.au,$2a$04$pz5g.CF8t9bufIVO/J26mOOErlmkcwFMW7nfdWyWiNRTrn4Yv0hLW,Intern
56,Jacques,Mallinson,jmallinson1j@wired.com,$2a$04$YRMskgSmWUbWLqlkFCkXOOwWeVXSTd6t3ZnejN4UIRZS92.VAbfvO,Admin
57,Kipper,Petrushka,kpetrushka1k@networkadvertising.org,$2a$04$EOLHFgJA4Y1EWfoaFuFK4e/vdDjWTRF51/ilE70g52kxPos3txMAa,Senior Developer
58,Ted,Driffill,tdriffill1l@nymag.com,$2a$04$zX8Tp/h7MjINRvx43EMonuyZ5EMW6pJZyZKpxMQo4HYDsVTP93WmS,Consultant
59,Benji,Gwyneth,bgwyneth1m@jimdo.com,$2a$04$ZviKTVLt/Nf/x40aOaCnKO3vgpRt6.sENPUv9KWh9jrsjIwXehj7S,Tribe Master
60,Staffard,Cottier,scottier1n@w3.org,$2a$04$aqKmKN8j.1rYpgdRS8rCfeqH/qrCoB.1xDJB2I63Yz/MssmPrdkxC,Tribe Master
61,Brigham,Curness,bcurness1o@cnn.com,$2a$04$PZizwCWNLkgz8HKojYay/ORbZjEKdxmX/Q2c5m/WUFlXddj3NLguS,Admin
62,Fairlie,McMurraya,fmcmurraya1p@1688.com,$2a$04$RjAYuNEE6o.oktNNuO13G.Zb57lIms4FZ7a9rq8.DCUp5meZnDtgm,Intern
63,Starlene,Smale,ssmale1q@123-reg.co.uk,$2a$04$S4u9xS7oUYur0wN8eXIXRuvT98ZXZN0AAAhA.GU4b09SABOqIu7aa,Consultant
64,Vince,Costi,vcosti1r@behance.net,$2a$04$WPnIoYE26j8xS8M8Wn2NR.o3TERC7xcnUPYnR4T14fLfw79zvixe.,Tribe Master
65,Vaclav,Baulk,vbaulk1s@digg.com,$2a$04$kZG4W0tJk4Q4ah6joGUpnOrSUx7Dp/VhBc0KPrp244ko9AWAPdsLe,Tribe Master
66,Sharity,Mc Ilwrick,smcilwrick1t@pcworld.com,$2a$04$ZgIivcP2Mu.XMecun2uutOc00K25fldE.2hAg23Nqze75dqLCxdpG,Consultant
67,Hermie,Cromb,hcromb1u@wordpress.org,$2a$04$Szl.XS8MOmfprgTVfNs4f.OAAikem/Vs5B//t5OiSzFCxTcMtYs.G,Admin
68,Lucia,Gotter,lgotter1v@hatena.ne.jp,$2a$04$XzHuM8Gvvy37Dwy.0A9IX.D5a3lISnU.EnPt3kkP2XbSBGvRIVYW2,Admin
69,Tailor,Triplet,ttriplet1w@yellowpages.com,$2a$04$aeJm0aMT/efU68lj0T5NHuO9aqXH1P2aiOh7ZgjRCf1RcKYJTxW3G,Admin
70,Markus,Dredge,mdredge1x@bandcamp.com,$2a$04$IgIP9Lt/p4H1HWwe19mYG.aN8gKLjGLNq6PJXjlmUJyQitjaqsxja,Consultant
71,Loutitia,Cersey,lcersey1y@etsy.com,$2a$04$XqJAu82jurEcJXtHiEKJlegp.7vP.CBI/H1bmlRs9IRffua3efqiy,Consultant
72,Tara,Duigenan,tduigenan1z@examiner.com,$2a$04$o0OPA1Zhgq1RwaGvUVP9/eBQ5pv/C/609/rQ1D1c8iPkWvNJ/XWZO,Consultant
73,Janie,Grix,jgrix20@about.me,$2a$04$bQbJypgHvGyJK4XQ0znZdetHzeVjh.ZUSxs.1EKxwpVCGBSZmnzZy,Admin
74,Nathanil,Lackmann,nlackmann21@drupal.org,$2a$04$pmyQbOs16Pi6fTVoBB0i4eqgNycXcs1E6GxxJbs9.a0GSG7xsD2dK,Tribe Master
75,Bram,Goozee,bgoozee22@noaa.gov,$2a$04$l0palIfj6YvdkZtWOoOsV.G9/.nHeCjhY95G3oSoCOtRsMRnc4baG,Senior Developer
76,Byron,O'Scully,boscully23@taobao.com,$2a$04$MI9rn9Ag7UvdOEjkGxJ0E.uIkHMHmFPXMpnkRvobZ6ckYett/yqdi,Senior Developer
77,Stavro,Oates,soates24@tiny.cc,$2a$04$rahmQcUlWkWbuwdLHqcT6ugTyRTFlcbwgWI.hbD5roxLrkcWmgZKK,Senior Developer
78,Ailey,Eccleston,aeccleston25@unc.edu,$2a$04$aI7JalUmCIFxVzDJf2OLLOsykIdXd9CczAuLYNBQ/fzhQHXvAbQOS,Intern
79,Quintilla,Arnoult,qarnoult26@ucla.edu,$2a$04$EvxyUW1icf4OxKQTMtCiNurjIlhbxyJgMi3qw48vuG0NWm/0sZPJC,Senior Developer
80,Justino,Yurygyn,jyurygyn27@salon.com,$2a$04$SK37JIiMq6wvzWhur8GckumTj6Ceanj3gZBu.gnN6IupfpQz2G1F6,Tribe Master
81,Obie,Antic,oantic28@forbes.com,$2a$04$URow0jf3ERGb0B3kC9wX3uv7attxRwHaN8Pv/b/G7xsmDCCP.T1iK,Tribe Master
82,Olag,Abramsky,oabramsky29@geocities.com,$2a$04$y/NgpKy5LoNW.AzGFFlL5OqdsgNRwT9qQH0HebZvwJKPYAG9rOeEm,Tribe Master
83,Lindie,Laval,llaval2a@parallels.com,$2a$04$1kcIG8KT9uj3vpFRD3XzmuAThVnsRpJZ2aYCqlXG6VmQOQvq1A3va,Consultant
84,Angelika,Tack,atack2b@ftc.gov,$2a$04$je3r1vTzjPHW3pSHJPyuOOVd0Y7gugq2ZwXqBTSOuOZsx7Eabz3.C,Intern
85,Giavani,Phizacklea,gphizacklea2c@yale.edu,$2a$04$B4edUKXaCDnpU7RTF6ctD.7u7UQxnNsFoGofCLn8MLc7/UdicmtIu,Consultant
86,Culley,Silber,csilber2d@about.me,$2a$04$zSGs7ediTuQxpq58ZhBSseTIvTohjyG4.a/j1igeuMTsIeThExBO.,Senior Developer
87,Waylon,Hourigan,whourigan2e@e-recht24.de,$2a$04$K1ucyMTm9WMpIOflMRWJBuc5jzmAoHJP/cBkN4zkuUv9HK4Qhk5K6,Senior Developer
88,Margarette,Lowrie,mlowrie2f@about.me,$2a$04$6seDS64FZzewvDiG6HOz.uJcvK9OJmqePHddUwaq1iqk/RUbhYkQW,Consultant
89,Ric,Callway,rcallway2g@cbsnews.com,$2a$04$3/iMsxU.M3KLejkMJQHFFuGElt/52A5NkT1JZP0iUGMv1YIQC7q0q,Intern
90,Carny,Gillmor,cgillmor2h@arizona.edu,$2a$04$NUDcOsYS0KphhXSTQ7DR7esmOnBP7XfaaDMhQ/Z/klXoXF/ngIfYa,Senior Developer
91,Marigold,Ewenson,mewenson2i@soup.io,$2a$04$KYpWbJqb4mww0l/DfpraNODq457ojkIVgec0tmW0kO.BQlV1YVbWO,Senior Developer
92,Byram,Beasleigh,bbeasleigh2j@1688.com,$2a$04$tLL.yP.F68.scIqGdUymfu89OC.C7Lla6bIHUiz5fhmH29M80nsEC,Admin
93,Malchy,O' Brian,mobrian2k@gnu.org,$2a$04$FvIM6Y8ahs6W.IHZTi6tjuP7bcQmx2ovRV2WKfm3iguu83qgPfFZq,Admin
94,Margot,Thorbon,mthorbon2l@google.fr,$2a$04$1zr1QhvlG5TWueLvoLF.1eLZoQ.nJr2Y5d5/1KXVNKFWRKKPn/f9S,Intern
95,Leslie,Geraldi,lgeraldi2m@europa.eu,$2a$04$nJ5m2F61/5NBzmeRbjeAIO7CRkySkizGg.mU/OJLfksmy1HDKUw7O,Admin
96,Reynard,Pessler,rpessler2n@mashable.com,$2a$04$CmT41mIpkYIuorc8If8t5OUr5CZ1x2rZbjeQL2NJhQFeKAgW7my1q,Intern
97,Elissa,Leyland,eleyland2o@people.com.cn,$2a$04$sdQtXYwiThca0y6xPNfoSupaZMWpsb2FeB12D51U0MFfz14uFb26i,Consultant
98,Bobinette,Brigginshaw,bbrigginshaw2p@sourceforge.net,$2a$04$RjIhIu6MzGuaEruG/kamd.h9DZE7IzbklBrhU4PYrRBZ5JszMkYH6,Consultant
99,Herrick,Gillie,hgillie2q@photobucket.com,$2a$04$f/30kDwdb/ZgFoHp/09kcuyj2kXntUjr9tVaYb7KapUpHqBfu.bfa,Intern
100,Marijn,Keslake,mkeslake2r@uol.com.br,$2a$04$n03C8H5o.E2ulx5LNo5fR.v9LCgmW.2sGRwjO0az9OzwxuaUigJCm,Intern
101,Arliene,Halsted,ahalsted2s@php.net,$2a$04$bXk0bHEvYxDsX9lKnJmnseDbpB9UH1OGdKxLRZ9sdabS9JHHREe/u,Senior Developer
102,Borg,Calfe,bcalfe2t@addtoany.com,$2a$04$Z./o88aphUaFUpU7k7xQaOzcwQCYzte4CjwQ6GMSCQ9v3vdh5n9GC,Tribe Master
103,Brook,Bevington,bbevington2u@freewebs.com,$2a$04$SaotBxJw7xCzhQv1Z9GO/.rELWnn5Zy5NsCktX6688KIhdf3apfq2,Intern
104,West,Kynvin,wkynvin2v@adobe.com,$2a$04$S8wFqxVM7dZSH6wSN42XvOodKXESFUlV7YVNkxXPlI2wtOYuoHIp6,Consultant
105,Kennan,Maus,kmaus2w@discuz.net,$2a$04$N4.qJzX/rAjImGyOXDe4GO.CuPiaLnEmm/8TVN.CPicpmbpVJ1ESi,Intern
106,Odette,Chatan,ochatan2x@goodreads.com,$2a$04$4kzUp9PQ5rJT3q95nfh/XuSt47w9alyqMF.ckhelOeyVUpdJEiqfG,Intern
107,Nydia,Wands,nwands2y@state.tx.us,$2a$04$lVCajoSqUFmguoGJKrTVNuddClGkpLqYITAF/gN1PHGEEV4Z/WsPe,Admin
108,Nissa,McKee,nmckee2z@google.ru,$2a$04$CuJp0RsCD0IkpJGz/GWLDOvlo8qTh4gVkGgfHEnOl1kI85pjB43/2,Consultant
109,Bobbi,Nares,bnares30@discovery.com,$2a$04$i6n/z/./wZEAR17w/W3XxutwHd/5Fd3jX4lt3/w9H6VuEZnismcHy,Tribe Master
110,Livvie,Nicholes,lnicholes31@huffingtonpost.com,$2a$04$0IPusomIgH7XXEGSxbD0M.E5Dl.oQ9WyoMPvsrsMQFv9yVy80E5Ym,Tribe Master
111,Rutledge,Wiffen,rwiffen32@dot.gov,$2a$04$gfsElpcNgrF4fkx/g6d2n.r19zOcXbXDCKqxQKqFDn6IgqK7Pi636,Senior Developer
112,Larine,Warrilow,lwarrilow33@noaa.gov,$2a$04$sfnzpGRWvhISAcfpaw6yfe/k1mIfe0/SbKtbDJahCe/VOpHinKoyC,Admin
113,Kimbell,Duer,kduer34@comsenz.com,$2a$04$uvc9ZyQwDOW9PdmIpYrfcuAoHKZmNXXK0Q0Zc7q2B1Aq3m0bgmm1S,Admin
114,Noell,Planke,nplanke35@dell.com,$2a$04$gOdnqOmawlrTUGZPNPPyauGRnOOAlBIPa2hJ29sDp5L7/GwW8vFUC,Consultant
115,Dominica,Bromell,dbromell36@toplist.cz,$2a$04$4HhtJO93QzgTWi/bRrLFreH6paWV9S8KDjG24LUrXF.I4cTjA2x2q,Tribe Master
116,Shaw,Ferrieri,sferrieri37@discovery.com,$2a$04$e./GUDMUqrSvSYI28pnR9uf70LySuRXUuwioyWPyzziyJGzXXnPZi,Admin
117,Skelly,Housaman,shousaman38@feedburner.com,$2a$04$e1a7eBOqNjWaRqXQGpT90OSzICL2BNwg.9cORKk86FfaYjeFUQiS6,Admin
118,Moe,Figgen,mfiggen39@mayoclinic.com,$2a$04$fGjiwVgyjYvibcU77esf7.gHoWYNf1UKhOlbvYddFnNo6O4kVyiRS,Intern
119,Margette,Emanson,memanson3a@freewebs.com,$2a$04$EpBSYJXFqUmQAtdlEBqWruiOsU24wesnm3jKJUdU4etikBzgWGd/m,Tribe Master
120,Farah,Seak,fseak3b@wisc.edu,$2a$04$ZgPs9p.8galMcKN1.eOvM..9iJx7.C72iKNk6EaYVp3gvjMzMknAu,Senior Developer
121,Jeremiah,Flye,jflye3c@usatoday.com,$2a$04$.cwwcIspKzR5GGrh5EXvwe31Pkg95l5t80JGZcBbp4DIM2gcJeE1.,Senior Developer
122,Gwynne,Scroxton,gscroxton3d@theatlantic.com,$2a$04$l/52j3Chm8Ll8ch1DwnOr.YqyauYlkYqJ5Ky/FIK8W4HieQ6y5tHq,Intern
123,Ode,Dungee,odungee3e@imdb.com,$2a$04$.Nzd1Ztph8jEEfJGSIKjZuxOD5tixJTBqRAma1knJved7/FFNruhe,Consultant
124,Delainey,Everiss,deveriss3f@edublogs.org,$2a$04$2SCppcKPwIoa9xZAHkz6Ku3yjLt7qQu1bkrtJCAuk7Q7fD2MPhR02,Intern
125,Rivi,Besson,rbesson3g@diigo.com,$2a$04$zWOYUAsg4E6EmP94xhAltuljpIUfXNyGH7vyH5O975SND8ysoxW6a,Intern
126,Reamonn,Weetch,rweetch3h@imgur.com,$2a$04$M9dwN.uaOHqxVUupIc6NmO0N6HiVIlx7VnMNDMxGTjO1J/Aro6w02,Consultant
127,Deonne,Degoy,ddegoy3i@cpanel.net,$2a$04$IbqZkEMozy/amjCZUHE0qegrDx5Jc3jESqPlHNHFqu55e6bLfjhSG,Consultant
128,Ellynn,Clunan,eclunan3j@accuweather.com,$2a$04$A/wLgl3aLFeKl1DmyLOaJOkffuBzYIiuEE8sm2LbDlniQsLLwkWmK,Intern
129,Dorotea,Paddock,dpaddock3k@google.de,$2a$04$J5aigVnRxd5wVcPKDWiBquuCp2UduHKyL3VktuPlfRZjm9suvpMlC,Tribe Master
130,Marysa,Birtwell,mbirtwell3l@last.fm,$2a$04$Tz3jT/lC0xfE2VIHfcJaUelOVH/e7EkXElUc6cUmhsLEEvsE0R9Sa,Tribe Master
131,Jo-ann,Mansfield,jmansfield3m@nasa.gov,$2a$04$mETZg0BbJe5/lRyVCnynBu5Urm4RgBU9q16EqLveCQIoiMXlA1Hxm,Admin
132,Sayres,Sproson,ssproson3n@baidu.com,$2a$04$DJFQyH0fwzLOznG2tFehZ.fajtHOGhKACfF2dLvR3/QlolFFL8lAK,Intern
133,Roth,Ben-Aharon,rbenaharon3o@wufoo.com,$2a$04$N.rfiKa9Lz8IEaTjKEEA0ODTgRJExuB9crc0ICu3LXPBe2Zj68zmi,Admin
134,Chaddy,Trethowan,ctrethowan3p@marriott.com,$2a$04$P/WCC.hDHF.85MnMLqw9j.s6w0OmCHe1bi3lGvAiGDXgFGSwZXGdW,Admin
135,Winslow,Radin,wradin3q@addtoany.com,$2a$04$keuHVXVLBS1BOmbktesBdOaIyotHk.fIE418V1wDPy036N2yADUgi,Consultant
136,Quinn,Barrott,qbarrott3r@baidu.com,$2a$04$8G7gSpJHCSQxAoa77wx9fO2O9BQrLKs8Kp8xrMhKqUfiRrxoJHrhW,Admin
137,Sharla,Schusterl,sschusterl3s@rediff.com,$2a$04$SGjCbTmCDfWTpUYzlu5/XOqY9UoBdsC5vFB6.PBjvhGJJkjvZ20OG,Intern
138,Shellie,Glennon,sglennon3t@princeton.edu,$2a$04$L6LuDhp8jXOzfOrlS5xI..VVpof66u0jfGaEN7Y8I..xGPG.9gs7O,Consultant
139,Morgun,Fain,mfain3u@free.fr,$2a$04$Sd6u4KJL90TUcpXckgWVUuU.xqDYjI.3oP9G/GNrPRCy2fPGT0OJq,Admin
140,Catlin,Parramore,cparramore3v@github.com,$2a$04$lMKkORTbLla4uWDj30rtAu9zk79rZETgcIhYnZayEoFpKmuTQRXg.,Senior Developer
141,Lolita,MacKey,lmackey3w@va.gov,$2a$04$7SZyI369fo9N3oxpu/UEIOR7kWxdctKsQORDeSNoIwXnBvAR8FjS2,Tribe Master
142,Roxanne,Barthelme,rbarthelme3x@bloglines.com,$2a$04$RVpW8iZ0ZK1VU3d7plyg0eTMkyiIoTacjNqRXKhLWcNjOGSZSwhM6,Senior Developer
143,Lorenzo,Deery,ldeery3y@comcast.net,$2a$04$whL4huXoA6npSrGruGALMe9R6FxMN3CSWmv3Xtp/Prs3o2KLZgmXW,Intern
144,Maureene,Hasney,mhasney3z@walmart.com,$2a$04$0ECl8BK1d2yJNZKEjB0SiOBUO/zQo8Zy71CBPuw9LvKzv7LmFhxp6,Admin
145,Jerrold,O'Hoey,johoey40@netvibes.com,$2a$04$ee8RAaQwsDARvDGzUYt08u5TAC2dQdp9Wt8mwKXmKJ.ARI7Xx6e12,Consultant
146,Berthe,Nanelli,bnanelli41@slashdot.org,$2a$04$eTYjZ2/WAQLXCBmcjPbyXOZLSN.71/TabkgORIiX65KdQyXGRmuFK,Consultant
147,Franchot,Glasman,fglasman42@discovery.com,$2a$04$2d77D/uSxT9478pMfUnFrOf9L5Slbag4ZiJKGmbsEk4Gt6stEyf.G,Admin
148,Carly,Dell'Abbate,cdellabbate43@nymag.com,$2a$04$6/7KioiIp2Ymm/MUe/vZ/.myMFL8LxwbRlea1pDKOq2LBkfJvzx2u,Tribe Master
149,Gale,le Keux,glekeux44@multiply.com,$2a$04$Q8cA0a/nwPQeb2P7jQkeVuv4.7eptIbD6GbP34LBID/RLYnZZfY6C,Intern
150,Merrill,Chatfield,mchatfield45@arstechnica.com,$2a$04$bkI14za/OgQqlc4hz37miOFAJfj6jZKZhq8B94BL/4v1Ta4sg2wjO,Intern
151,Giselle,Thompson,gthompson46@scribd.com,$2a$04$o1Q98yOhhU9MO8kVfWNVdejul96bbtAqQAk23qN69ntuBKI16QtqO,Intern
152,Salomo,Shipperbottom,sshipperbottom47@linkedin.com,$2a$04$no.U60yPK.K.TX4hInobX.GwKnTLGNhtOOC5QIv5mt03.sRjilPdq,Senior Developer
153,Dory,Birbeck,dbirbeck48@washingtonpost.com,$2a$04$kXJFzEKkKXbG.5NVE6P.euNPiUVcDpwVUfzZN/ESKP0gmKlvWuwfG,Admin
154,Spence,Novotne,snovotne49@eventbrite.com,$2a$04$kzfP33i.Gn7WWEekIOLOWOOrtmkLnAElWsUmRURlmzO7G/EH.hgPi,Consultant
155,Eada,Sign,esign4a@berkeley.edu,$2a$04$BdkqbeqMvvRewsIcwgFiie5vmQKhdIU0quCiy7B/uCP3T..7renjq,Tribe Master
156,Isahella,Ivanchikov,iivanchikov4b@behance.net,$2a$04$THm0eejGVAExBjjAevqdQeMIIWFwqomD1OKGVZpIUDQQxjqOZl15S,Admin
157,Jody,Accum,jaccum4c@msn.com,$2a$04$Yp4wyH3PVwb7Ih.5D5zZTuGau/c1kFBHOJ6sSzZnowOqpO5M1Mi6G,Tribe Master
158,Trixi,Caghy,tcaghy4d@imdb.com,$2a$04$G/kB.1bgjeSH0.mbtXhVkucs/cZRzgArSVlPfNLzUzhT2tAN0Ypmm,Senior Developer
159,Rozamond,Curnnokk,rcurnnokk4e@sphinn.com,$2a$04$J/twuRDyuvVuQsI1XfOmNuFAholoWdq0E5lmfK6ayeagxWKfTI/7m,Intern
160,Tuck,MacInnes,tmacinnes4f@facebook.com,$2a$04$Ayr6rXTR7TAjH2QUIbuVKuIAH7TqdhnoxvmEbsa9Aov5GLBhDQK8i,Senior Developer
161,Josephina,Ketteman,jketteman4g@hibu.com,$2a$04$uSss5SKZe1JYETosqjzkUugYREqw8H3Rqf8VI7ThW2dfKzEbjvUPa,Intern
162,Tarrance,Divall,tdivall4h@jiathis.com,$2a$04$TFpYvihdI8SuaymSgq8vDOvFqTstYoXsXr8Sxxk4AGGRg7nW/h0ce,Consultant
163,Lexi,Gilluley,lgilluley4i@hud.gov,$2a$04$hn0cOOax7pZwzlEELcOqtutmaHIDlKOEeYjxJP.G80hNJTFqg8uku,Tribe Master
164,Chery,Stroobant,cstroobant4j@engadget.com,$2a$04$vy4fk8O9DQLdhtS2sAw3eeQQpmfjZ4qvU8QYerzNueg929wykRPcu,Admin
165,Feodor,de Tocqueville,fdetocqueville4k@hexun.com,$2a$04$0XHVoFpf/oJG3MlkY9ejMuwpSCdNNO2oGDd.xn0jH6T6iNXS2w.Wi,Intern
166,Joycelin,Grebert,jgrebert4l@mac.com,$2a$04$7d/ck0dT6L8SvrUKkdZ9p.qGJs3YG02cZqABUIFOVWPxLep0MdbpO,Consultant
167,Darcey,Maruszewski,dmaruszewski4m@wired.com,$2a$04$9kQSDTKCEJrdxO.Vg6WPKe9KGbvGmR7vkd/Z1qD4ZoPtbHeAqoXJ6,Intern
168,Krispin,Grew,kgrew4n@mediafire.com,$2a$04$oD9.g5BMkPi/UlO3QaLwl.PPhSpRhjgOOns5dJI.eFg5s8adNDKN.,Admin
169,Selina,O'Hartagan,sohartagan4o@accuweather.com,$2a$04$unbAcfvyYqNwGtX8NpSTaeDiDLtjrbUNKSzTjF7objO0RD1U.Ipsq,Consultant
170,Erminie,Kertess,ekertess4p@discovery.com,$2a$04$cWS5tVRolihoZktBe5g.LO5oTq6f9t/sjKe2UrjROxVbSoptlFpNG,Admin
171,Marcelline,Bacon,mbacon4q@yahoo.com,$2a$04$13c4Hfl/CjsN9pSCgH5G4uoWg9uQ30yhydB6mpsz0vzkVuKEgyz7O,Senior Developer
172,Far,Woolacott,fwoolacott4r@umn.edu,$2a$04$yOTVrJtMGudzlC01ntDO/.y1/8r0GSCMD/d.6fkjeI6pRfEHoQSB2,Intern
173,Katheryn,Flecknell,kflecknell4s@adobe.com,$2a$04$lH534PIGbfck36S2dc9ndecoH7b9hy3EhjR7a8MXsGAhZbpMvyvou,Consultant
174,Almeria,Oleshunin,aoleshunin4t@friendfeed.com,$2a$04$HT6k.ESbTFhHUHtGL7za7eWiXXU7QM73hAtPAazh3H7b9ssj0lftu,Consultant
175,Shina,Fearns,sfearns4u@slashdot.org,$2a$04$lVY0zrQ0TTBZEblXwBHG7./rlq9NrTXwLvRLq.4uo.TM1XuvSAoyG,Consultant
176,Ginevra,Scullion,gscullion4v@spotify.com,$2a$04$jkogNiJWCdanrB3qB8zwAe1aOALXrVTO0KnRvLCKDlRj68WBydDkK,Consultant
177,Haroun,Marrow,hmarrow4w@cisco.com,$2a$04$iWZwcVgKn2uPjMPnEfWsoeQ.UBLWmXwGo6v4Fj7kdf5hR6Kz.qYPe,Consultant
178,Penelopa,Adshad,padshad4x@bloglines.com,$2a$04$OphgS43X2Tf.k.wajuIYnOvk0MclLeRsUWTw3YoOr6pQghgbd9M8i,Admin
179,Nollie,Duxbury,nduxbury4y@stumbleupon.com,$2a$04$UPzkD/gkg7c2sfWPZ170w.8HYwP.Sp3T.eIOi4feoTOXIEKF0GpDq,Tribe Master
180,Aidan,Brockelsby,abrockelsby4z@mayoclinic.com,$2a$04$iL888gnNychTzD/13N2kM.FfV7h1.28KnLV12dActOkQ9tvzepiRO,Intern
181,Laureen,Troop,ltroop50@bing.com,$2a$04$9q86T8ppvRzBUB39xHjKo.qAobzRWyBc0//rqaOiwmFrqG.PUHhQ2,Senior Developer
182,Tabbitha,Mant,tmant51@cdc.gov,$2a$04$v4ZLNZO1DEUci53olzD.NOh9jXVQGAIwj5RLrrBMArWPhOr/sAeNu,Tribe Master
183,Levey,Pabel,lpabel52@about.me,$2a$04$x39JIgxVofpmhNZHcL8LaeFk9JjtioTTKbPOYOzV4vIHWYZfKEo2m,Intern
184,Chevalier,Bayfield,cbayfield53@loc.gov,$2a$04$IFepIa9D3kXupBnzT9noAOQdazwKuUvAXakUti7Ib1GbuBOh1GOxW,Intern
185,Lexy,Joysey,ljoysey54@xing.com,$2a$04$deDeTdooF26z3ls0rTix2O7A9FEXKb4J6Zpei1i.mL2GFodK8MBMW,Tribe Master
186,Amelie,Goodsell,agoodsell55@nytimes.com,$2a$04$0RIO.kHkwTxXArqMxEEAn.1O/cQ0ZvyMByE24yUil9N4IE.AfJaEa,Admin
187,Marchall,Clemitt,mclemitt56@rakuten.co.jp,$2a$04$nD7O9VHJJ1ikm5loee0LTOH.OmXRXrMn0.YPkjmM6fV8eamZ9AZfi,Admin
188,Liliane,Skiplorne,lskiplorne57@engadget.com,$2a$04$AiwujpV/lmr/11cfrihYJObY2.T4SvZ6xrMUHZhyujqK0fvaXBBGq,Admin
189,Lanny,Falls,lfalls58@answers.com,$2a$04$y.rw3mJ3tzIdizXvolMZWe5Vx0kcdqU/ykFWKE.iuxlC65yfrpy.G,Senior Developer
190,Nanny,Santus,nsantus59@printfriendly.com,$2a$04$NTGkPBtQAz6nTimnrWBHWeD.r4HViZQm58pIliqGKQvKoqTrb0ZuG,Consultant
191,Riccardo,Beardow,rbeardow5a@theatlantic.com,$2a$04$pYY.aQyef912PuOVbkr3DO0BAUhBj0B6tmA2/J5Ls4yX.PHRcDywa,Admin
192,Florian,Bulgen,fbulgen5b@clickbank.net,$2a$04$F32B4FxiJgNgqqeriYmowe9O/zTs47yGZ8CrUxeL0Orvr7ZPb9YE.,Admin
193,Langsdon,Keyho,lkeyho5c@t-online.de,$2a$04$6wDE/ycK6uLqCHQ738PsdOWxWOBAAfAAWWOUAL6vqRSmJGrEalJOe,Intern
194,Clayborn,Tournay,ctournay5d@ycombinator.com,$2a$04$e/HbDt587Y6wObsKHgFEk./.wvS2frwLNFEXjXlmBwu9ffN6oeboa,Admin
195,L;urette,Lobbe,llobbe5e@utexas.edu,$2a$04$1wYHrL0efJsYqdmoJkBzuu2LRnd2bd.17Dch3rCIwlvBVH0vdkIBu,Senior Developer
196,Corrianne,Pole,cpole5f@eventbrite.com,$2a$04$6dq9/8fS6We/pTyi4/BpG.OaD8ZeBJLwsmn./2VedJo4B6HZbg2Dy,Senior Developer
197,Floyd,Perford,fperford5g@stanford.edu,$2a$04$EMsTvuBSBsK9fD7fB7shoOr/O7PdpzjtFpVH1Mbx4KCdu6cl47Toe,Tribe Master
198,Sherye,Sallery,ssallery5h@joomla.org,$2a$04$gtPoZyBamWp9DsS1Lz9sbOG3Bx6kv0hUAlkWyCmrBE/E6oZF91PtG,Intern
199,Aila,Telling,atelling5i@washington.edu,$2a$04$XP7JBfCuzLTbHgG9zccgl.FGewaEbSHX2IPaigHLN/o1QBP3npwuq,Senior Developer
200,Fleming,Schechter,fschechter5j@smugmug.com,$2a$04$q.6RUf05gRfAlww/aVPwY.uc1ona/vs1zCLlKgRSjtb/1SNV2RLg.,Tribe Master
201,Bob,Matschuk,bmatschuk5k@histats.com,$2a$04$Dgh0//XEQkMdIicTAU7ywuX6XBs6om257piASzlUR.4Xv/ggl8KUq,Intern
202,Bay,Antrobus,bantrobus5l@lulu.com,$2a$04$BVNOlAsqLRnJg6Pd/ZPqCeFblNVUVZJrvgrBZYMlV1ecMRaEa0qa6,Senior Developer
203,Jilli,Goodman,jgoodman5m@virginia.edu,$2a$04$BUyw7a4jXfF7FS.m1wn1Z.XkMxHyGejIHXuZDfExDjpNwXyQfqZrC,Senior Developer
204,Yoshiko,Twyford,ytwyford5n@barnesandnoble.com,$2a$04$jmbwR7w0qdTV40jfcyOUNuv.AcBzDy2S5jfOH3l4jQVom7q6i.TCG,Consultant
205,Thurstan,Stentiford,tstentiford5o@unblog.fr,$2a$04$ujmsZEQ522BygrJSy2pOgu7Vy08FuP7bIbCm69N9X9KmfU.RqjiXi,Tribe Master
206,Granville,Buten,gbuten5p@wix.com,$2a$04$FBCUeJBSA9ooIqWT69YxlO8TIrLq0KeOYsfR0VY5JoMQCJi1FpYJe,Admin
207,Si,Seager,sseager5q@arstechnica.com,$2a$04$B8.4lGxwTOqlT4CVwIqf1uxc5jMAnqZH4Bq7//iXViEjnZNiviycK,Intern
208,Gaston,Neasam,gneasam5r@auda.org.au,$2a$04$DX0fxCWGOq3RSerwsRLuEeCQb0qWVLupQrQVaOZGeT6v1QtL.dtwq,Consultant
209,Agosto,Vest,avest5s@fotki.com,$2a$04$LtbLP.CXlwW1SZoUwfX.ruorbXnrx9oIJ4kYrZVli3cmefeg175cq,Consultant
210,Alejandrina,Elcum,aelcum5t@icio.us,$2a$04$lp6aBU2fAYTPQcTIIcYJduGOoKBiucf17KsH15HMglMnN0NRo4Awa,Senior Developer
211,Rikki,Diggell,rdiggell5u@eventbrite.com,$2a$04$N8fkH5O9t.zyRpDvtZuSROhDzE8741koV5Vb3EHyHSDsCA4CLZCwm,Senior Developer
212,Kathie,Abramsky,kabramsky5v@shutterfly.com,$2a$04$hu3iwZlFt1quXV21JJrVy.tx3SJTHGn2VPpUQf0sDc4dz1UgHdpIy,Intern
213,Elizabeth,Mateos,emateos5w@globo.com,$2a$04$W5q8dSw1ijWPJNEYfcMCuuGbRfcUxcxr3bFJ445xGebnxin677EVy,Tribe Master
214,Adelle,Bartell,abartell5x@twitpic.com,$2a$04$hOzm.8yAV0MC7aE3oWdCoeVMa5mSwEaznXjqYi/.zUgJvOpQO9bkC,Tribe Master
215,Jaimie,Bidgood,jbidgood5y@weebly.com,$2a$04$oph6.xNp1t.glw6OeN3KD.tksWvHJ83LXGekfDR1CGponNNrEFjcm,Senior Developer
216,Ernestine,Stuchburie,estuchburie5z@businesswire.com,$2a$04$vTb7Shhiikw75QokJTxjnO870GL6yaH53k0OvzbhUUpMfkrfF0FOe,Consultant
217,Myrna,McMoyer,mmcmoyer60@paypal.com,$2a$04$YOkQr2Db3D7t5eEdFAYhiOhYS2aEl3LBDToowYsX9U/8hHX.Ode66,Admin
218,Joela,Godber,jgodber61@msn.com,$2a$04$ac9JYR7nVgyxVNKuf.ILPusKVPVStQiRfs44Ka7x5XUZREMKHjiqu,Admin
219,Amalle,Romeuf,aromeuf62@reddit.com,$2a$04$tGxWcO3P/yjEaE9eWvZ5qOL5HknRYAjRfs.2N0l8ah8XeDi89V1nm,Consultant
220,Martina,Rosengren,mrosengren63@boston.com,$2a$04$v.u8SB0vrUbkzP1prztriu1pqiy2H8XSeZut72D8yCSl58UG9unCm,Admin
221,Noreen,Phlippsen,nphlippsen64@nifty.com,$2a$04$cS7yy4oyvAMrZxqMxm9NVOaBOxMgE3l.YyXzi8v2WgKA9reQG79eG,Consultant
222,Archambault,Pardal,apardal65@irs.gov,$2a$04$R220iLhZNkkPpNPCEjBJoeL1r2GJs2y/s1SF7iGUlJPjWukGVesaO,Consultant
223,Barbie,Studdard,bstuddard66@feedburner.com,$2a$04$e6C/eNyZssGJmUXcRv/7hedyxT0cMdWjwRJsbo/nzFt9cHKojKfSO,Senior Developer
224,Jefferey,Redon,jredon67@creativecommons.org,$2a$04$HY5uy4On8Sj8kfsJd5VvyuilzBtm3DjZ3atuiN2hhRuhG2T0sYiMC,Senior Developer
225,Lynsey,Wick,lwick68@wordpress.com,$2a$04$61/Uj33CnW/9xFUiKxi7R.JEA0xhbulRpyIon/AjiU4z8SX9LkcgO,Intern
226,Betsy,Duns,bduns69@bbb.org,$2a$04$7Jtjqib.IY4FSgw.fbJxjOjiBCErvFiSqtca0ZXOkTIuMahY6bgKi,Senior Developer
227,Teriann,Downage,tdownage6a@ft.com,$2a$04$Mc/n20fmZUDBLMfw7UONn.c1zzOzQw0UcXP9NUJcCPnFLt3sV7vvC,Senior Developer
228,Arlette,Littlemore,alittlemore6b@nymag.com,$2a$04$aMJCZ3.NLrPynCHAkBckEOgZkitob3schwK2NHYmAkkbVvaClYR9y,Admin
229,Peggie,Badcock,pbadcock6c@noaa.gov,$2a$04$O7SgePlnOt4iPUs6CUH6surOITHo5l3cDlLjGsj20hi5oSES9sPfi,Admin
230,Otha,Bilbee,obilbee6d@cbc.ca,$2a$04$43Qmh38jzg7BpBeDe5/SN.BSt9QHXymNrKs/7JiiAtlCDT9Wddlf.,Consultant
231,Halsy,Atley,hatley6e@amazon.de,$2a$04$UEQJijX.xRJGv0hU0hfNZOqN6SUWCot7gMpjG8dpyVDEzOLfXvA2u,Senior Developer
232,Caria,Manthroppe,cmanthroppe6f@desdev.cn,$2a$04$/9otWgjrbbWBnwDCkHBilOEKIoKfv5TgIp67fkJfc1xkjdpI6Tn8u,Senior Developer
233,Britteny,Dory,bdory6g@webeden.co.uk,$2a$04$CAiv5cFbV1lwt6XUZjwqcOKlRCF7Kihxylfh6Uf.USEf5mmC/AweW,Consultant
234,Ilyse,Oades,ioades6h@issuu.com,$2a$04$nrjmp3.x6UfHjNPXhLqGaeTL9wZGONpTzFCz0SFhPj9u.YuPuH/hy,Senior Developer
235,Alessandro,Scipsey,ascipsey6i@imdb.com,$2a$04$7zfL92PPdLUXyAwzrxE13uXzGKHF3sNTdmVxJLHStEzQoHhAT.aXi,Senior Developer
236,Kippy,Fisk,kfisk6j@google.co.jp,$2a$04$zu1pWn.54ZQAcOhh/7xWCOPrDuUbYT7oJBUqiz.BRicSFbpZUow6K,Consultant
237,Sharl,Moss,smoss6k@pinterest.com,$2a$04$rAdoVt3mVIcRa8n4FSv.E.BX2Ni5UXBh1h8YbAldBb4NZPVfpE5U2,Intern
238,Garv,Winder,gwinder6l@twitter.com,$2a$04$T5AxRR/CF2Af7W9yIRNC3.glbCEw9ssUMT/R31Pk8IiLQaaEFw6Vm,Admin
239,Joy,Broadwell,jbroadwell6m@odnoklassniki.ru,$2a$04$y1MxLuOztKOid4iDIzUpAuHi4UlTXsWkWzoXzLPJ9rTeH.xgTZOiO,Tribe Master
240,Bruis,Hacard,bhacard6n@google.com.au,$2a$04$vvy/JUGvg3iEaDmMq11fS..yF.jkPHUIv3QMtNKek7JWrM5iwpyjK,Admin
241,Stephenie,O'Connel,soconnel6o@ftc.gov,$2a$04$dVwwaCbKBDra5flkt/Ppde9xG1UBFYjSvpH2xGuyONrdxcJgIszqa,Consultant
242,Allyn,Piggrem,apiggrem6p@google.es,$2a$04$E3xXwju4oRLTpxJixcVnOe0yPl/KFF/jDzWJWGs3bJ3cCL1T6s3IK,Intern
243,Lise,Laird,llaird6q@yale.edu,$2a$04$C6m1wGUvHxL5WesGUfqmt.TVlYmH04awzOHAIa5l1EniAHHhVHR.m,Admin
244,Cristina,Adlam,cadlam6r@berkeley.edu,$2a$04$O..mwwEVwy/bfg/V1RR/Xe9c1SMREBogDrMy6Q61jhkXytG/xkoZO,Admin
245,Cornall,Hawford,chawford6s@rakuten.co.jp,$2a$04$c.nDBcrbh.bWEvJYHVug6eorJzbnwmySvs6KrGcApcvuoI5WC.FUe,Senior Developer
246,Eugenius,Tall,etall6t@youtu.be,$2a$04$ZW6MEg.x/ZDUsefy56g9FO2CP6WYUKumM/3cT28R/monovTDO0D5K,Intern
247,Enrichetta,McAneny,emcaneny6u@ihg.com,$2a$04$PNJPX1Rtm.3ywUclpt3TiuLYzIne5OzmKzqnVpx0iqQ1nAkjc4Crq,Senior Developer
248,Shanta,Kroger,skroger6v@usnews.com,$2a$04$z.0GAf6HbQPo76sOZEtdduoz0.nJzTvhEHtRifi1qzS.v6PO.sMvO,Senior Developer
249,Wenonah,Rivilis,wrivilis6w@flavors.me,$2a$04$AKcAc4r1keGYaXBdv3ayhejJ2q/2N/e2q.PpDxcc5NY71sYsJpM1C,Senior Developer
250,Hamlin,Axelby,haxelby6x@hubpages.com,$2a$04$ZMVOa0cNwl8sbgAygEe4weQAFb4FfXpLGgskOlol5UU.eyR8O1fBC,Admin
251,Cynthy,Starkie,cstarkie6y@ftc.gov,$2a$04$NlvZFJfgXyqyayFRSKjkB.HSD4YpgW1PMmBsGp.xxBdjV1C7QKwf2,Admin
252,Lacey,Kerby,lkerby6z@blogger.com,$2a$04$UJvrwSyPdQtc/r4YCqKcN.ToULhkh9FM6J0JafTmAtY/Ck9ZcIpnS,Senior Developer
253,Velvet,Conerding,vconerding70@xinhuanet.com,$2a$04$GLvgC9CAU5JjykyOEcjndO1PHrDeYtNmdwQd5R0Mf83uB3Xf99tR2,Tribe Master
254,Arther,Tenney,atenney71@cdbaby.com,$2a$04$v7fnVN252TstLV6yhO9jmeEEigkjfs7Gr1qoBVg1wPSlE2.QMkwL.,Admin
255,Gae,Rowes,growes72@lulu.com,$2a$04$lZfe9V3IAGGZjUIRR3ljru2zJOC9/aZ8BiCHrDY/0.GIzgci8UsWG,Tribe Master
256,Amerigo,Rupke,arupke73@unicef.org,$2a$04$8imrNTDDNpNgyh3BBcASVeOrtvf6ljdNqhl8bsJp0nC3vfXMyAC0K,Consultant
257,Ruthann,Mincher,rmincher74@cbsnews.com,$2a$04$RpNiRvIqzl7N3MUrqJvjPOp7bgkGqF0ApxSq9iK7Pm6SBLe06pPGa,Senior Developer
258,Christiano,McAdam,cmcadam75@japanpost.jp,$2a$04$JXsK82b8dWTYrq7Ay3eSoOKreTGdRo.QXaomEdO9UqGlFonB1YYhi,Admin
259,Tades,Babbs,tbabbs76@dagondesign.com,$2a$04$CeWOdpP4mdh.LoCHidNaP.YpX8okj2gMRMdH52bNxfgL6doOUTeDG,Consultant
260,Mag,Ogers,mogers77@smugmug.com,$2a$04$zhhnIiDbX.zuelucXj9ku.HT347VWzEINaDIQWaR4SzgmiqgqBqzC,Senior Developer
261,Lita,Brake,lbrake78@creativecommons.org,$2a$04$iAWzkR3xokxPCJlkF2oNQOTmC2H0vzakx1GWkfy6Xh0656r4NbHo.,Consultant
262,Odetta,Amphlett,oamphlett79@artisteer.com,$2a$04$htUv.HfmbjR0vDQkpFc0U.X66lehD252LNvN8/LM91RukPhTofHRi,Intern
263,Gayler,Eich,geich7a@senate.gov,$2a$04$wqQ5HOM9Ide4jdebwU8RmOxyRncxFmEPj3O/lZX93qzRJ53OKbNRi,Consultant
264,Putnam,Yakunikov,pyakunikov7b@sciencedirect.com,$2a$04$5vmpr2ZAH3EbHTAHxJefUuvE1dV9psnGwu2AaKsVYROMSLJLJXuWm,Senior Developer
265,Nissy,Morilla,nmorilla7c@addthis.com,$2a$04$b4.omcc160XTS4fEbXmOv.Dp5V5JW8/kgK/mZCP3Yq6mzEdRss5XO,Consultant
266,Wilfrid,Perfitt,wperfitt7d@yellowpages.com,$2a$04$UHoh/ZBAKjDkEaPHtw6gZu25Lw46LOFqgiw3Fo5CdAVigjvbp11S6,Admin
267,Minta,Stirton,mstirton7e@etsy.com,$2a$04$rJYuajKcUlm60XCU9KlkteseXtokVPfw7mgPAWf6dD4l0VWxzPvZS,Intern
268,Lewie,Kaubisch,lkaubisch7f@fc2.com,$2a$04$YuPZsorXjMP0R5NcSSkrvOkmvYgl1gI4tIUxBP/mMTiG9WhVDcRyK,Tribe Master
269,Karyn,Hynde,khynde7g@hugedomains.com,$2a$04$qffwBUHkYDHxzLC0nr0DBemx9wsodjcL5yzkDzY4x/hc7P7sdMTAC,Consultant
270,Jordana,Combe,jcombe7h@upenn.edu,$2a$04$FGD6R/8MqCcotobmM2EN1eTQXkPMb9/Ej6KCDG9A2PSUElB8iYQci,Consultant
271,Saxe,Dunrige,sdunrige7i@xrea.com,$2a$04$YxsoBQc//jvBDpQ3GArGQ.ymACURKyGl8TkSGMYlPStl3qDArAik2,Consultant
272,Sansone,Scurfield,sscurfield7j@biglobe.ne.jp,$2a$04$pUBlVOSd8jNyEQZo5aGk0e7N7dqFeWsTlUwJ0uhEHSzi2TXnP6Og6,Admin
273,Rosaleen,O'Fielly,rofielly7k@mozilla.org,$2a$04$U64JGma9blSztsrsI5gnzez37ylyBR6OVAWMQazSay5zSDYFjVfmW,Intern
274,Damaris,Girardeau,dgirardeau7l@sohu.com,$2a$04$M0pD4ZEJ5m0m5gI.Ac10Q.hrTUxyyXxDDoh0JPo2sO88NpaAGOntu,Intern
275,Willey,Ambler,wambler7m@slideshare.net,$2a$04$hZHK5kq8HBKcZo6POwir6ekfdFvu5jODho52VtNIsutQM7oQtEU/u,Tribe Master
276,Valery,Nazaret,vnazaret7n@miibeian.gov.cn,$2a$04$AEhgWCfNOxG0sjCKDRSQHOxlR4l/D9YGwENXPUbQ1ymbmHUQQKzyS,Senior Developer
277,Karlens,Bricket,kbricket7o@answers.com,$2a$04$.X367Vf2v.Ehu5vMCNYbwOlrX6QcOpLZl6XyRnq8dzyHP..49dI7G,Tribe Master
278,Winne,Lanfere,wlanfere7p@virginia.edu,$2a$04$md5gIkAuqTT24CoqFkMz9.xcpGLJjMxvZVb7DFlWGYbpYn0HQ7eli,Senior Developer
279,Phaedra,Mulloch,pmulloch7q@bbb.org,$2a$04$S1FKb/IomMjJItcJqFOr8OB4PqcJf0DyuemKsjHW0m5YsGnlOqRoi,Admin
280,Nico,Sivess,nsivess7r@comsenz.com,$2a$04$MSlznfkQgJMQTjtlgJ9gL.xmrDAUVzf0MflcoBZRLwHM0zpdoahN.,Intern
281,Saunderson,Moreman,smoreman7s@vk.com,$2a$04$umzRhj866c//EJ6DEItcR.ofqo5.lfwPeYPlhIiKjtYXmW/QDMRX2,Consultant
282,Jaimie,Meneo,jmeneo7t@bloglovin.com,$2a$04$YEdAA9t/89e9WRgKvoMNM.yzO7asTTc3O2TF1cfumAckgxVQ8PTWu,Admin
283,Marv,Meach,mmeach7u@wp.com,$2a$04$TwksHQMVtFzZmN0GTcqh5uz19ZN94FTDWNWWcepoTdsW85idOj.hW,Admin
284,Johannes,Brenstuhl,jbrenstuhl7v@github.com,$2a$04$9b859ZjiOjWZEkaM5RiEe.IWh3eJglrkwYrqHvfuDjPo0WH.hygQ6,Intern
285,Normie,Caldroni,ncaldroni7w@imdb.com,$2a$04$Mh0rNzUL8y7fyKipo3E11uT1VqEnJDwiG4pUSLV4g2pIpJWu7MRyO,Intern
286,Siana,Jumeau,sjumeau7x@sohu.com,$2a$04$PJcajvHukXLwie8FLSXByujymnzr/ce82Nedxt1PMyIMmUuIGP7Li,Admin
287,Gwenora,Giovannetti,ggiovannetti7y@smugmug.com,$2a$04$cY.HSR0LR22jgpANYpdlLe5w5gkQwV5VLbUQBTZA4PeuQ1f/C/bzS,Intern
288,Faunie,Genney,fgenney7z@devhub.com,$2a$04$eIBikPrropZq.I9BRafL7OgFILxvTURHULAErmacImVmNqm4QQUyW,Intern
289,Nikoletta,Scrigmour,nscrigmour80@example.com,$2a$04$h2xV8YSxSJjQCcGBkOAskOrTL9VeoEaDghSBlzSeVw.XIjY0KdjiO,Admin
290,Verney,Kesley,vkesley81@pagesperso-orange.fr,$2a$04$qiQzTUO5w2DR1CL4/8q4eOUdYTKSyc45yr/JcnwemUgN/ecvONrhy,Intern
291,Courtnay,Ardley,cardley82@dropbox.com,$2a$04$Y.GM6jW43b4CRQySNdNSo.QXp/ExHJBnUVv.CHyRAT86ovXjja7ga,Tribe Master
292,Rozalin,McGreary,rmcgreary83@soup.io,$2a$04$.76SpIkGxDsvfdNq39MN/OvZhzFXHn94GAGV54cYq3YyUTQC2vdnK,Tribe Master
293,Stafani,Jeannet,sjeannet84@pbs.org,$2a$04$Xa9UnB6E7m9gfqRXsmoHG.3MySoVcoBH8ezGaC9/ZErgHXfndbXYK,Admin
294,Deina,Cockshot,dcockshot85@dion.ne.jp,$2a$04$pRvmvAVrRhMtLvVZ1pLnL.t2Ya4jeIa6ztNNRaDsjFVuE7Gllpg8q,Intern
295,Mae,Rielly,mrielly86@bandcamp.com,$2a$04$QlY/cWsruXBaggRnJARWF.LainWS3ILAteSJnRrFO5tNIh9txbpDa,Consultant
296,Pammy,Favela,pfavela87@unesco.org,$2a$04$0qIj3XC.R456xy.LzugJLuA3Ja23MMJWML4ss76e1aUzz1UKIPqKW,Tribe Master
297,Shawnee,Redd,sredd88@bravesites.com,$2a$04$h0tniSP0bu50omWggKKm2uQ21hpIqt5omUDDGDwW2HZzNWtH9/VvW,Consultant
298,Vania,Melley,vmelley89@github.com,$2a$04$c5BBP2yn2c/KxhrJm2kxje7N7jDC9GHJP5vmfJzg8jKnraropND/W,Tribe Master
299,Hildagard,Miguel,hmiguel8a@hc360.com,$2a$04$wJZ19KvhCXBwzSNiw56AS.bfuM.1qh4KWw7BFarP//Zp5AQ6Wi.Um,Tribe Master
300,Gillan,Boyde,gboyde8b@nsw.gov.au,$2a$04$HxJbfazbEmuCpGll9b/lcOtSBhQhkCZ6X.xpU6ilMGiHInPDz0/FS,Senior Developer
301,Delia,Swinley,dswinley8c@shinystat.com,$2a$04$rkUVtO6n36KKmFXUtavRJuBbLNrTlHBv9bdJOgTd.2ADo9nlXPJRq,Admin
302,Debi,Speddin,dspeddin8d@ycombinator.com,$2a$04$EF5zVVFSVjkGlNyNbAfapuyyzOBPFlqntJvIjusOazmugIvYIGrqi,Consultant
303,Kalli,Corhard,kcorhard8e@netscape.com,$2a$04$HH9MlOp/U2JE.P4MycapOet/msahi8vRkfn/8e9bDTuKdGyqNwheC,Admin
304,Emmalee,Pococke,epococke8f@ft.com,$2a$04$IQHSBtDsHZZT5m5a6EYx0OOqJ/LpYlJGD04e6x9em7wtAeiPmfKNu,Tribe Master
305,Ingunna,Gotcliffe,igotcliffe8g@networksolutions.com,$2a$04$oyztVjNIJYqlIbBTq/hazewZHzH1lCh0UEuvLLwmY1XwOMR57rP.y,Consultant
306,Quinton,Dreier,qdreier8h@cisco.com,$2a$04$eIWFmjvAw1yn3G5FYniM1ujNwU3X2cCVZ8CzAZq1CVS6c8lmytboq,Consultant
307,Alis,Welbeck,awelbeck8i@qq.com,$2a$04$vHL3HIg5TP8qxZ5WpI25Tulw0Yawza40NjQbYjOf3KlWr4ofyqFm6,Senior Developer
308,Odelia,Lafont,olafont8j@1und1.de,$2a$04$z0G37THGC0WuZJYlsFB6julRz5UivgU64f4izrn491GVa7oabV39m,Tribe Master
309,Damaris,McKew,dmckew8k@drupal.org,$2a$04$UxpR1ejvByde9N/HC0rfl.oQ8.p4i8hM6clQg3lsPaC31s6bpxkzi,Senior Developer
310,Cammy,Denis,cdenis8l@arizona.edu,$2a$04$/NEVfSlq3HMZmnsJ.Jn/yO.atUbzlTFVNc8Shv7gU5kXsiwmYMoOe,Senior Developer
311,Florrie,Jillions,fjillions8m@youtube.com,$2a$04$uPolxMJuFRZdLuWSCMmTP.hJZKaFI6VVpZKKSg/xuA9kE6JpVxCMC,Tribe Master
312,Terrel,Perillo,tperillo8n@bloglines.com,$2a$04$3B1WetdZj0vR.nlJGmxi9esOSlO6XcpSW5obX4HXrCQfEPsLper2e,Consultant
313,Kelly,Grieveson,kgrieveson8o@wufoo.com,$2a$04$jJ0ET6l2q00nT.beBBnR0e6lPD.y8KMva.VXfyOhum1zu731/YrIe,Intern
314,Fredra,Okill,fokill8p@hhs.gov,$2a$04$1F4K2AygxVk7Z48hypq1FOcRTzDxl/k18XR1Kmwb6vZBMWzKXxHHO,Senior Developer
315,Florentia,Filipic,ffilipic8q@cnet.com,$2a$04$J4ul/99/XfJpC0swV1Zy4eDG7EHxax6h4UkyPiVjw/msgE/mLOW3O,Intern
316,Dorie,Heaps,dheaps8r@google.es,$2a$04$xjgonA7.qcXigcCgbSOif.k59CIi7OOu2804fjjifvnPDW3HEGwt.,Consultant
317,Giacobo,Kehir,gkehir8s@wikipedia.org,$2a$04$RYb8H27SCDaTTJyXb/.XOebJBQ1ksk/jFNhyVNDL6CcTuYLX3t63m,Consultant
318,Adolph,Sailer,asailer8t@reference.com,$2a$04$kxeCCpPpsxB/JezSwyjt7eWaF/NNWOc3ytLbiqB52ED5Riqls24h2,Admin
319,Shelba,Moyes,smoyes8u@altervista.org,$2a$04$NmCu339n/3lDFT6XehlLxuRRKOY6YSm.pkFeHWRbNIcBDSix/Q88K,Tribe Master
320,Nola,Deverson,ndeverson8v@weibo.com,$2a$04$dRWUYllcyNYBgfGCfOU2tufpAFvCIowlNE3IyAVL5Oo3gD283UEKq,Intern
321,Sara,Kassidy,skassidy8w@uiuc.edu,$2a$04$9PnZ2QamhJUoeIMmBl90qeFEGfz/d0adTCYRL3NpOMr8TNdWy9PF6,Senior Developer
322,Ulrica,O' Mullan,uomullan8x@tmall.com,$2a$04$f3ACq8CF5UIek00FxTzPc.IVTdeKaf5ZdNm3C6JQCsZxcxVzLTrX6,Tribe Master
323,Regine,Mashal,rmashal8y@shutterfly.com,$2a$04$T0462/89pCZlkjcxDjWaTOdpj/N.Tv45df0m8FXPslO6Dv7mlXZga,Senior Developer
324,Moselle,Perllman,mperllman8z@paginegialle.it,$2a$04$m7nGfLN68zD2tK9A0q3iC.ryEmQwd6NT1/pchaLYg7xft1KG4BqXG,Senior Developer
325,Melonie,Scaife,mscaife90@dot.gov,$2a$04$2.x6VPYAYFXy2RBpTgqNI.oYvxojOYY4EvL7u39Y/H/9OjaS4kzHe,Intern
326,Gertrudis,Rowth,growth91@geocities.com,$2a$04$9OrEuTzEof9QZDgDW97QlO6zAAZUaUm5KkIaubOF8DRAv95NZ8yd.,Intern
327,Gordon,McCosh,gmccosh92@nps.gov,$2a$04$Zr2baxDmsCIvudzoesyLEeisg6N6uBgV9tNd6sQzQND1.ZC3.lw3S,Consultant
328,Cherri,McGraffin,cmcgraffin93@wsj.com,$2a$04$c2z4t4UUTSmjlNLeWcgUvednM9QcTm6v/4BO.hGrwRh6Rx/0K2u0q,Tribe Master
329,Ada,Lightning,alightning94@mozilla.com,$2a$04$K.nN64vxpLqqPA3rxBy2t.99TsyJUIiP623dn.KGIDs5xs12H8a1.,Tribe Master
330,Reese,Garment,rgarment95@edublogs.org,$2a$04$RHak7MKnj0458zj2izg0ue36G6Q6rq9jIZf0gZabEA8wPUd5X3g2S,Consultant
331,Chick,Coupar,ccoupar96@europa.eu,$2a$04$61SUsIyTSWQhDitvkqakAuOrFJn8w12oF9qWETfnlsLjrZsafonbe,Intern
332,Felicle,Lillegard,flillegard97@washingtonpost.com,$2a$04$fAAgWfifSWom.tt4MWoMVew3x2NULa5Zj0ofD3riO2z/roB55I5iO,Consultant
333,Kermie,Carden,kcarden98@usa.gov,$2a$04$ggsORR79u.2PaGIXMWIJUOT.3QungoyOjF2vQRhBlg7ymiys4Imn.,Admin
334,Bendix,Troyes,btroyes99@prlog.org,$2a$04$LywbazdoRcUUPckUHxp10uueSV0.p0e5K71WeEwzEvwvVHjIKNhjC,Consultant
335,Herold,Priden,hpriden9a@reddit.com,$2a$04$whvuJi7syD605GVGz4LAQuC5TCjqmbWCLTESJ5Fm1g6vQVqdqO9yS,Tribe Master
336,Deana,Kelf,dkelf9b@macromedia.com,$2a$04$Jtfo0uYrc7p4A6pg8z10C.nEjW4s9vr9zGHTwG6E4WtJ1KGTOT2Qa,Intern
337,Kelvin,Heavy,kheavy9c@blogtalkradio.com,$2a$04$PGdEHg48xfeOre9yvdM.FuZuY.4XC6fCA1us3hdUkFgB4mZpBoV7q,Intern
338,Neila,Baradel,nbaradel9d@dailymail.co.uk,$2a$04$Ogcj6RFaX3EQihAR.RlStOF59ZaacL.iU0AZH/i0mNp8gFzxTnv22,Consultant
339,Laura,Fergie,lfergie9e@yelp.com,$2a$04$hluJTTQgjP1p8Kglc9.lP.yWyI5CTeO8gsFPVn.tXfAkG8j0JQO2u,Tribe Master
340,Orelie,Hriinchenko,ohriinchenko9f@domainmarket.com,$2a$04$ksgb0ZDi1Lw6uWzNotLdY.TtRLnMCgMq/jWeywNdMmsNIn23rqU9C,Tribe Master
341,Vaclav,Ferran,vferran9g@pinterest.com,$2a$04$JhEeaJ1BOd1gIs0GUBpqn.9nn/G9UaCJLrv1FR1edJwBh7sKfYij6,Tribe Master
342,Julee,Dudek,jdudek9h@quantcast.com,$2a$04$jSxYqlIkoeBLrswJ/vifjOFL7RoDS/BrRvT1DOEAJ8eG3Q0Fd0/nK,Tribe Master
343,Glynnis,Klugman,gklugman9i@utexas.edu,$2a$04$MEcGBQR9Q7Zap4v8xX1LU.R2gmjZI8SMEFH/esaX0.rfPigMGYyOq,Consultant
344,Bebe,Grimestone,bgrimestone9j@salon.com,$2a$04$N7KY3Bekn7wcv3q4mg7CHOlc58LKr76gc284xONyZWAovgwUZ5.5m,Senior Developer
345,Alyce,Lacer,alacer9k@paginegialle.it,$2a$04$PGkSkZAJZ4k/sn3T1AwMbOJqxQv6c/itSeSzV5wgG3jFxkKhvxbai,Consultant
346,Wright,Gateman,wgateman9l@icio.us,$2a$04$ErIH6ljsMqsAXJYqsX3xzOaQDYmjkysjioBFYezSq5hZijcoL6HeO,Intern
347,Myrtie,Jacobowitz,mjacobowitz9m@devhub.com,$2a$04$ULgguAuNVev6.c29rjhp4ujyfU/M4arinYdGN40AehYCQ2LkFDP/2,Senior Developer
348,Isabeau,Hendriksen,ihendriksen9n@mlb.com,$2a$04$Tvn/xXMYWuOGYxk4VdSsw.NRz22t9FZVN.w/eysqvg.6fcGV5gauK,Senior Developer
349,Den,Plaister,dplaister9o@virginia.edu,$2a$04$ed00n5t7fs2FiEypBaNuqe4kWhBg7oZ..jBNrb52FLbMXxHsF9Oii,Tribe Master
350,Charlie,Elland,celland9p@yahoo.com,$2a$04$q8SaJuOhQB.zdrIfHTJLSOhZtrdBvJpATwGMO/GDttRzkKplcIGJS,Tribe Master
351,Shir,Rattenbury,srattenbury9q@xinhuanet.com,$2a$04$Wf3hTu7vKInew3UHbWtgjuXPBiPX37kLbTBAUYGHlFtrPD22KFWZm,Tribe Master
352,Alanson,Olenchikov,aolenchikov9r@state.gov,$2a$04$zzK9qZm1Tj92yKups/E/2eu0xRpo0HSoW2NSl93g38kntx4IFiNjK,Tribe Master
353,Jodi,Vogl,jvogl9s@simplemachines.org,$2a$04$hI6UbkkVwbxn1cUmJaYElurERcBT9uZci4oEaNhjmGxiWWktggwQu,Intern
354,Cherish,Ambrozik,cambrozik9t@mtv.com,$2a$04$mLV7XYvL2dsOYIBlEaq21.UI0WAXdFDQpeNeWUFHWwSLRfyWjKOpm,Intern
355,Lotte,Lundbeck,llundbeck9u@sun.com,$2a$04$N2s0EH35K6lwIaGO7VQ.geY7rUsfn4EHy.CtVj/0goQzZwV9.6DFu,Tribe Master
356,Laughton,Maha,lmaha9v@narod.ru,$2a$04$7bMXsfcrfZe7WkfY8npwdenzPSXx3Fth2yIpGDawFE3qKh2iwJUq2,Senior Developer
357,Abbe,Nyssen,anyssen9w@webnode.com,$2a$04$wUFkxP5OGW9NulDvrpA3eeqr2Um0mc3V4bUTud3511jpH3G6ZZm4G,Intern
358,Jandy,Stuke,jstuke9x@themeforest.net,$2a$04$.1i8G4Tkghz6bKuStv47LewNXI5sZ/AlmQbFywk5J912sFPjuUTnq,Admin
359,Thorpe,Lewens,tlewens9y@google.pl,$2a$04$PqszXiJmMUBxIdEX6jeoGeCaKZkJvSx8c0ZU6OdcmXNpw5GYsYnou,Admin
360,Emmalynne,Costen,ecosten9z@studiopress.com,$2a$04$8HMpMcSN3wTaXkZ46BZLVORBh1Nb5bQGi1yzssSwWyaRZEd7fpOsW,Admin
361,Pansy,Coode,pcoodea0@godaddy.com,$2a$04$JewL5k7V7weXg9ZV0fcg/u.KOzAUzSPRkh9lZ5NQjQyThgEjrvviu,Consultant
362,Vlad,Chasney,vchasneya1@marketwatch.com,$2a$04$B/T7GO4tban9Wm9DNiTKsuRhHiykigOPvF6pat.S.J3Cg808JtRs2,Intern
363,Leroy,Lebarree,llebarreea2@bloomberg.com,$2a$04$8THYCwh3N729sNds/iJC0uZD9OH3PZnS4IVbD/LDzRaK8cr.YAiOW,Senior Developer
364,Harris,Carless,hcarlessa3@gov.uk,$2a$04$JywBxYF2i4Qnztv.HKhyve2be6gHnT6Tf4mQHeFPsFs0cDNX7EaQC,Intern
365,Anestassia,Revens,arevensa4@jalbum.net,$2a$04$gG4C950P0Yf0/AjtFW76G.s6.y6jTGHH268H8SSOOCiINjzd6Qqg.,Consultant
366,Allard,Eastgate,aeastgatea5@bandcamp.com,$2a$04$7M4TRwlKHy12fP.rQLul.O2XeIYg5f4RMYwYcQ9ifVY.GLW8eHFmy,Tribe Master
367,Aristotle,Janoschek,ajanoscheka6@msu.edu,$2a$04$mvspb63v6Zz2DjUJGq3/..lhr.pD9yqSIcd5bjW3yJoEXcl2b7tEK,Consultant
368,Freeman,Anwell,fanwella7@angelfire.com,$2a$04$EtKJwmyZ93sb3Ww6LKeaau56uZp172c.alhQC1Yd6OGFYY3bOQZlC,Intern
369,Ase,Headly,aheadlya8@oracle.com,$2a$04$vCt8tHAns5pvqMDzwKDQiOAfg8.2/fHaCvbLQCvHpuodzP4.pdVhu,Senior Developer
370,Durant,Tuohy,dtuohya9@quantcast.com,$2a$04$toERlZCeL6mD44lHccPvpOIfK6dyLns1StGQ4zQJtZeProXBa9PMC,Intern
371,Hamnet,Braghini,hbraghiniaa@stumbleupon.com,$2a$04$PYXNV.UirMkis4pDG0ytUeN.Ug8WI86wUKNmi1UiOw.PtichxVvZK,Tribe Master
372,Nester,MacLoughlin,nmacloughlinab@mapquest.com,$2a$04$sZbq1/ihxZlR4BSKWN4XCei9iTLW/sKG9xx.WmyL0Kegkb4BcABrO,Admin
373,Niccolo,Ingarfield,ningarfieldac@unc.edu,$2a$04$lkQ0SefA7cCUSWjO2FS7PerFFc.TfG0l5wqpkiOoYuvsTlRw8za1S,Senior Developer
374,Harriette,Dunning,hdunningad@umich.edu,$2a$04$l7i4SXKD0C980PcDt3swy.r7qK8TgFFINcmz3Tga5tFl.m3Zf44m.,Senior Developer
375,Gayler,Woodrup,gwoodrupae@123-reg.co.uk,$2a$04$00/hb5kVAUCwZLKY.kkqNejXJKqbrihmxteQeN2q6x1AmkqX1mK4m,Admin
376,Norrie,Betje,nbetjeaf@springer.com,$2a$04$yGUnOYqyrEfd0L2gEX4rxO5.wzwUNjPhGzDEnU6yAxGCdZ6FZhfW6,Senior Developer
377,Filia,Kervin,fkervinag@oaic.gov.au,$2a$04$P8O/fRRNVfvO.pP8QBlJKuicMnygRQ6i6MXm8Hmhbn.yw3yRsMW4.,Senior Developer
378,Veronique,McShane,vmcshaneah@paginegialle.it,$2a$04$EOs/kwXM9wAfix95gsK1CuE7UzFWr8V09SVJJwG7C32HVASD2m1Re,Admin
379,Otis,Iredale,oiredaleai@narod.ru,$2a$04$w4P5u4Z..J.0TuoKNiqWGeaZDkAqiDTiZtx7ljSfFf7A2NXpx0vCq,Intern
380,Hartwell,Roz,hrozaj@columbia.edu,$2a$04$j.DqSetbrcyxthgUQ3Gfa./nWjlJjgKfSYIu9pPmhLWlNrU4Q7L8m,Intern
381,Gerri,Ferronel,gferronelak@prlog.org,$2a$04$ZDD5DuN2Zj7aMqcZGlmskOz/dZXBIx7ZepwaC/it6Z4vAdPxY8NxO,Consultant
382,Sacha,Delatour,sdelatoural@nifty.com,$2a$04$Ubcir//zk64sv3DjC5nVpuD2XKI8ycZmxyTH6EtPgihs0GKp5/vPm,Admin
383,Shayla,Raecroft,sraecroftam@naver.com,$2a$04$XjcMEGU4eWbHJljRtxzrh.jhMkO.5tbihAxeLs.Yg3Nh9cYMG/4Qy,Intern
384,Petronille,Magauran,pmagauranan@icio.us,$2a$04$Y8kCVJ1fv4Z4WnGmqQk0Yu07FYmMmpcB6Y7cfuh.auLwW5mW0r1iW,Senior Developer
385,Sibel,Banat,sbanatao@engadget.com,$2a$04$4j2P0xzFNeAg3MSR5FW82OSB4z1.j4VoesBh5W9vYh9rAhufqfMme,Consultant
386,Holly,McAuliffe,hmcauliffeap@studiopress.com,$2a$04$LudrlnBfmk.k6EYjwk84v.GNr11YYxQB.mbKVwUUxMhV0nPLiOg/K,Senior Developer
387,Worthy,Stitwell,wstitwellaq@zdnet.com,$2a$04$Xrw5l9nrzOgJs1jb0G8kYObZkWEwTHM2a.ISPXcwhAD5zqKm9aGk2,Tribe Master
388,Dougie,Bradfield,dbradfieldar@state.tx.us,$2a$04$gzXutszcv9yXFbxCQSYnU.1t63CO05H8LG9d0ZAKtQ42bXt53vUYC,Intern
389,Rand,MacLleese,rmaclleeseas@oracle.com,$2a$04$FAmB9RlO.uI4jP88ufRzVOHgWdkgUOZaHMd46iHBBJtJSA6UwUdWa,Senior Developer
390,Selby,Hiseman,shisemanat@seesaa.net,$2a$04$0idpm0WU24T234kYosv5X.Ob/ait32mAbal2h2FPyx9B1/4.QECF6,Consultant
391,Waylen,Rewan,wrewanau@thetimes.co.uk,$2a$04$xLhwdPgfXmj6zy/RvTUYqejKoXfoYx7gLyDRMwYyJvwR339P5QN3u,Tribe Master
392,Linc,Luxton,lluxtonav@homestead.com,$2a$04$1FMmTbAHVr0feo4MYntG/.Sv4zeG9pp3DYVio5E/BiJD2Tc53Ww4y,Senior Developer
393,Rodger,Swindall,rswindallaw@prnewswire.com,$2a$04$v5b8BShB4bB232w.Dp1nuuo2UR2gZuewl0ugIi/nIdfzuWhPnVq1W,Intern
394,Tommy,Bonass,tbonassax@typepad.com,$2a$04$iihBkQSnjNZ8NXomXj61juxLhCRYZlFec3Xq1R63Aw47oOR8CsGTq,Intern
395,Meara,Blundell,mblundellay@hatena.ne.jp,$2a$04$OvNCQ9DNYZKFpZVr4g.kpu2XpQ48hMYNgLzthxtOxTrhLfVVhvKj2,Admin
396,Buckie,Castrillo,bcastrilloaz@blog.com,$2a$04$iFDc6wlt4qNXsQeLaUgI/eaA9z68tpjCVxnz/Id8IcanLQyhLCDNi,Intern
397,Lishe,Gritton,lgrittonb0@samsung.com,$2a$04$3IGGQ.OPMSp1PZZR6ekb4uu60enEkc/N40J5y0iTl97/mnHA8ngW2,Admin
398,Leonelle,Peever,lpeeverb1@acquirethisname.com,$2a$04$fk4Qtg2md52Wr05hcST68uf7UhD429Gho9CiAogIUgWZTGcBAFYke,Intern
399,Tracee,Alonso,talonsob2@usda.gov,$2a$04$m4xze7xyAw/TqfXDAHodTelQ2cPG8UfwiaR5vAIdBr7Voi5DzF2F.,Admin
400,Janette,Klyner,jklynerb3@nydailynews.com,$2a$04$pcstqTj2jXopFMuYxGlBCeKxO/c5djVSaG3s8S9pQzih8WRvtPSQq,Intern
401,Dodie,Lande,dlandeb4@redcross.org,$2a$04$kdwtbjbtIQLll0yjdjtMvOG.hIOo2S2lAk3zP9ztcK3vJJVhW3kEO,Intern
402,Hobie,Commander,hcommanderb5@theguardian.com,$2a$04$gzi8bGb/gGMHUYe5lPTYL.Fk/I/Jb2pq9mW2Qb/gP8Pdb6Sg/zSZO,Admin
403,Cullan,Lente,clenteb6@indiatimes.com,$2a$04$32qrREV0lGC2R5bY9szY4eL0HNc3oFXRPKT0VpdfdtGGprzVSUSxu,Senior Developer
404,Earlie,Sabater,esabaterb7@tripadvisor.com,$2a$04$TZJsKA/DDPhBPQOQgwZeXuvuuC9MrKuwdGvgnZ2nADZy0NDwapurC,Admin
405,Vail,McAmish,vmcamishb8@domainmarket.com,$2a$04$QG4Kotj9SpOCudmBDxa0EuNl6lU5EBUXVHZ93okIEKdv9VCAiGXI.,Intern
406,Deane,Mensler,dmenslerb9@cargocollective.com,$2a$04$YQnTDrAzh7Y/CYYQheAHte3ATuW9OQYBPcvJTwpheZkXR.nGCtAh6,Admin
407,Adara,Calderhead,acalderheadba@pinterest.com,$2a$04$7vRvDuSgBB9HdTwcm1YdEujRe0Nwiz9EM/DzIWeGKKRINeyUZ6ArC,Senior Developer
408,Micheil,Lawful,mlawfulbb@arstechnica.com,$2a$04$3edhQ2C7N2kqz39SkyVfLO3Wm3/ZaA6FJ.7T0JeTzIe1k4Hv./xTy,Tribe Master
409,Edd,Fippe,efippebc@gizmodo.com,$2a$04$.smMmkUImiAR6Ezs5cPm.eBgSY.WlNGC0MpznsYpS1OdTUOvukWzK,Senior Developer
410,Gustavo,Landrean,glandreanbd@icio.us,$2a$04$QG.6sxfOBd2O/UVSqsMPveRfEXMezxTZz0XAbFMbV3taCYBYF12Ai,Consultant
411,Merrick,Broxis,mbroxisbe@qq.com,$2a$04$bmUkcTJt6g.JeCbldL0HfO3X6HTjdaduB7yJ6OlnV/ee1w0fgHZjK,Senior Developer
412,Ximenez,McDarmid,xmcdarmidbf@alexa.com,$2a$04$MU6vwMr5ROjdykE/26HVoeBLmF7zDXaxwsJfXkbQyuYTOaYy3t8iW,Consultant
413,Charleen,Dodgshun,cdodgshunbg@springer.com,$2a$04$PB7j4iE/4BDpThoUqBq/sOPk9qJyyCbK92B8DXlCHjDy1qOMm7a.q,Consultant
414,Cornelius,Creedland,ccreedlandbh@privacy.gov.au,$2a$04$gwak2DvvXdD9sn6eBIAKQ.jPBZxBXbvc1Qf5sBYQ/hf5MyvTa90jS,Admin
415,Silvia,Tipton,stiptonbi@macromedia.com,$2a$04$vl6vA6yQMF0XXD8Oh3lkCO0ZSGmCyoGonMXIaVtzPG5NHcF8yiEfq,Intern
416,Anatollo,Lowre,alowrebj@ted.com,$2a$04$ZVEiSOcFKXIaD8WF4WO3j.qDNiXmMzC3pebgC63XMWU/6BiJSNfK.,Consultant
417,Liliane,Paulino,lpaulinobk@fda.gov,$2a$04$BW557w0JA5tryKjtGrgmwuBxj1vGKZlQhHR2RhB198Yw3mjVE9qXK,Admin
418,Marlena,Bedinham,mbedinhambl@cloudflare.com,$2a$04$ijKzu/TB7hxUkZ9pBYOnqeWcmXmfBCM.YLC0M6B9bWgX7s7uTD9yS,Consultant
419,Webb,Farherty,wfarhertybm@multiply.com,$2a$04$2g/g4E7sz9LOtaUhpvDyDeWunFXtjget6fhqdi/lovUu1X9bVQMBq,Senior Developer
420,Salvador,Oxenden,soxendenbn@yelp.com,$2a$04$tkSMXBgUq/yWz/D9l3iyFeiZlgtQD/zMPTseCQvknBlqrtxyIsRoC,Admin
421,Tami,Oakenfull,toakenfullbo@ameblo.jp,$2a$04$61nD5HdCxU46H.8OjPbF4eT0RX.TVDCM22cYcK5CBZ2ljqU1TOMda,Admin
422,Rayna,Yearns,ryearnsbp@marketwatch.com,$2a$04$nKt/ini4Ay8o9Jm2TxtknOJWMtVALLICydCM1Aw2hM2rlNynlZU4S,Tribe Master
423,Oralie,Ginnell,oginnellbq@cisco.com,$2a$04$PLU6OdM5sf/Ku3cz6YsvvOxRxoxx960lH.pudcu09JlfFYH6A6xPS,Intern
424,Shauna,Rump,srumpbr@google.com,$2a$04$Ciu78OApmw9cjcpaNKaQMeJOC4riPx1WLtYY.yhs0oFYM9rvQ2Vvq,Tribe Master
425,Hedi,Cappel,hcappelbs@miitbeian.gov.cn,$2a$04$9CkgsgekjmcE1w.ZpsUGqO16JPiUX59lnUDkUGfyroVTKESlZR.P6,Senior Developer
426,Mortimer,Linke,mlinkebt@over-blog.com,$2a$04$qnTfI6PXqMYSIIa9oUok0.PIapENL5V6JM/b5ojTTVxRbsmRRDPde,Admin
427,Ameline,Iohananof,aiohananofbu@unicef.org,$2a$04$vgzw8eJxT4SXeOPknauodeOA6akG0JdY83LG6l0ZENcTxBsML4gfG,Consultant
428,Jourdain,Rubega,jrubegabv@gov.uk,$2a$04$QRcgEWgxWWvXwGSguvGj2.3qydHnBETyvMxs1D8Yt47PyNR5Qaqnu,Intern
429,Winnie,Stachini,wstachinibw@hao123.com,$2a$04$nGMnQykTnFdlxdgC7e2CluWhHmFsYaolC1s67Muxt8UJAnqST7FnS,Senior Developer
430,Olympia,Ellington,oellingtonbx@moonfruit.com,$2a$04$HMUS3uwCPsp.lRlfA4FXvebGTdm6Ye5/mAAO1rUEMymhVNeB4jYiO,Consultant
431,Melba,Kaasmann,mkaasmannby@nytimes.com,$2a$04$kiClDFFWb5Jl4uT.yACLeeftiUvzodcbdy7BVpaKJCTrp1vBBMtSq,Tribe Master
432,Annaliese,Paunton,apauntonbz@bigcartel.com,$2a$04$RsTVNJ3ielywjnYmxHt0bObnFyCfytJcModGFFjrQ6m6NNLsNlTda,Consultant
433,Katlin,Gilliatt,kgilliattc0@berkeley.edu,$2a$04$FQLWnHiNTZICcSQbeylMj.iXP5hhPLU6cbtZyoer6FzJ5jeTorUDi,Intern
434,Jonah,Allderidge,jallderidgec1@google.com.br,$2a$04$Blb7zV6R6TKzuV8BTVMd6uADGTycVHvhtX269b50HfpkxgY7nLo8a,Admin
435,Kelsi,Worms,kwormsc2@virginia.edu,$2a$04$0M6bIJoeJIXerA2KzIw0KuvsbsRqqLgWcCi95G3YYpOxNDfjHedHG,Admin
436,Fanchette,Longworthy,flongworthyc3@unicef.org,$2a$04$fspMfws.NZVs5XE7AYKJwuG.R3f4i3HdnBP2nllMS/eTX00PqeWai,Senior Developer
437,Rickie,Vargas,rvargasc4@wikispaces.com,$2a$04$jbCeEH/tRI6PQri8SPCSleWIlLcpeFWMGuRnFQbaxFnIIqYNNhrme,Admin
438,Maressa,Gedge,mgedgec5@gravatar.com,$2a$04$HuH2axyvRKLoQcB4PjGq2ul5GZnVtd6wPElUsCGJYO0sBiQ.miJDe,Intern
439,Gaspar,Ridding,griddingc6@dailymotion.com,$2a$04$RZcI54TQAzIS.dXtCXCBaucGrYOz.W5rI0sv8vo6w..D6aiZy0rtW,Tribe Master
440,Darda,Scholer,dscholerc7@eventbrite.com,$2a$04$VQc.QuEdxd9OwdSmN2CJJe51dSPMPc8LqyfOdc8oclUQ7uDEfEvZ.,Tribe Master
441,Bebe,Gleader,bgleaderc8@seattletimes.com,$2a$04$/yOXS0fhs4iDTczsKKaFI.kvXJzqvelY2cFidlKVaA4z2w4JInTiS,Intern
442,Gris,Leidecker,gleideckerc9@netvibes.com,$2a$04$pHUtyipiB5/LJKchvo4ibu96F4BZaWS5lxw0mjZApl/9rSM1rUZ2e,Intern
443,Mahmud,Di Bartolomeo,mdibartolomeoca@dedecms.com,$2a$04$RgkjzSOs/2rNIZZUXrhISu1M8XymsMFIuflL0lsypAFwfzzLvZLMO,Admin
444,Jacquelin,Fancott,jfancottcb@bizjournals.com,$2a$04$8z0SMKvt1RvlRP4ojLS0NuPS29Kv3kTrLGaY0GsUb4oQrzQ8zlotW,Consultant
445,Cordell,Joslow,cjoslowcc@ihg.com,$2a$04$qsxPwWfxatMpWTECE2R14.F2ZjvACthEllSFLC95rm65tX1kzGz/m,Admin
446,Hamilton,Attersoll,hattersollcd@blogspot.com,$2a$04$4rWi7CxP4kNWWuDkuPQ6YOg6ZvD.NzBwsTPpSyDkNBJu4KR7m4Lc6,Admin
447,Markos,Giovannardi,mgiovannardice@cocolog-nifty.com,$2a$04$KRrehn1wZ6pZAquzgCq5zeA4ZttpsyIz/d6Fj2Arv4.EzRMynzuVy,Intern
448,Hilary,Keyes,hkeyescf@ucsd.edu,$2a$04$H7mgqRskAoJ74F.jtWiyheUVeTdB4c03AZVP65vXQf7QxXtykXD92,Consultant
449,Gusta,Britner,gbritnercg@odnoklassniki.ru,$2a$04$hS8rsV0xUw9mHX2hl9ik6udaUpLN5VKu8sS2HA5P14aBGZL7H5W/y,Intern
450,Sissy,Rosenauer,srosenauerch@icio.us,$2a$04$9BOY6GG7A8.LdBs.FsObnOztpvY0M2J/X0o8n13/MOg.aK/kzJcfa,Intern
451,Avery,Gaucher,agaucherci@wsj.com,$2a$04$E7yvSlfBvhMDPEwKr88/6OGBe0tCcK0CYj06LcuNN7O3xmAkxfuo2,Senior Developer
452,Johnette,Messent,jmessentcj@pinterest.com,$2a$04$UisUQNNPjkVHCIZ84KIbCuwtf7YWCJkAdUL0Fw4OucC23eNYwGuES,Admin
453,Kathleen,Skedge,kskedgeck@squidoo.com,$2a$04$zkWs7.m35WJEyQrjQdATj.oIYCOyNUqDHaSR0dQ0Z7rIGsGOinhQK,Intern
454,Brinn,Spatoni,bspatonicl@whitehouse.gov,$2a$04$Yltkj/RYhG0x18VI2aokj.IHsFa91AUvSkW4pZZ7u2rHbU2thd5Ki,Intern
455,Joceline,Jerrard,jjerrardcm@fda.gov,$2a$04$9kg5sjsee63.RFfIbSHOUucObpqwO.lZeoqip/.yQGo9I1sOv3N9i,Admin
456,Dag,Braghini,dbraghinicn@un.org,$2a$04$o3BCs/HvvDAHJUeHy3yq.O3AC4WkgzpfDxyqjPsM0WVpq/EkURQm6,Admin
457,Jobye,Wetherell,jwetherellco@cpanel.net,$2a$04$rMi5WsAKoVAjRJV4DSFn..EeyxpaPpucjXMHGtJOXzFKF8i73smJa,Consultant
458,Hedwiga,Gernier,hgerniercp@sakura.ne.jp,$2a$04$aRt0j1tKtxlX2i2DLTlcWOdhOTA.ATMyxDp2udivZVrZ8ljW1.3OW,Senior Developer
459,Henry,Watters,hwatterscq@sphinn.com,$2a$04$9pvCnNu9ho4/SBNE.Q7k.Og5DNRkhTNduKApe0osg0287C8o42vhm,Consultant
460,Sile,Rosson,srossoncr@cbslocal.com,$2a$04$QW3z8vdrC8MWc/bzIG1lLejpTxz2OD8gNBtb35FTjjDF3874UIHFa,Intern
461,Cecilius,Cowdroy,ccowdroycs@alexa.com,$2a$04$uQH012Mfy8pTyRDpxbBHQO7laRtGvuE69eQWe/eiWiSdxkrqci2.a,Admin
462,Sholom,Johananov,sjohananovct@indiegogo.com,$2a$04$Np2MBCnz5YJCxBgLPQz1V.OZfOGM6m6chGzhWcFv/91bORv3tm.3a,Senior Developer
463,Efrem,Andrat,eandratcu@alexa.com,$2a$04$stWV/via0x5aLOFUg5Zj6eqX./cBNGnHXtz1Vua/oCOnjFTeV5NN2,Senior Developer
464,Jeni,Spradbrow,jspradbrowcv@comcast.net,$2a$04$7vZGWZFAeLHmxNeS.Nf/9OC5ktFF/uvUIN9iLsGDF2yjV8R6etc1e,Admin
465,Eldredge,Druitt,edruittcw@multiply.com,$2a$04$cai4qd1MMYJuM.iTTphWJ.auqcslDHCfxSz841D3L.WmC2ltr58Ce,Admin
466,Lanae,Dowty,ldowtycx@google.ru,$2a$04$L/cvnAfi8i2TSiSyHOCuG.W/nTYNIsMjZ3O5PjQlZ1rK0.5N2CAgm,Senior Developer
467,Kerrill,Barenskie,kbarenskiecy@fastcompany.com,$2a$04$qSKMdpos8RhoINN3VitY/.i66sjQBSi9qqLELmS2y3VmyKfQAY3h.,Consultant
468,Lindie,Gellier,lgelliercz@prlog.org,$2a$04$VcUM/UVGxlX4V7Cx2UHTfeyySQqH/h0K2Cg.7VOaKxSWbTbb7.dCC,Admin
469,Payton,Doorey,pdooreyd0@paginegialle.it,$2a$04$t4Eh.2xtSizWbf59EkYglO2B6DNvt6ds1ODhxTabc7L06JfPE2Dtu,Admin
470,Ludwig,Jorden,ljordend1@smugmug.com,$2a$04$HO8BhkFyn8XpYERreycBAO9wo.X3twyEMOZOBSZQbKpRpocnAGsz6,Tribe Master
471,Antonius,Steabler,asteablerd2@flavors.me,$2a$04$ViDlWOmPbg/q.xO1a7YPFeKCzkOscJbmdJLwvBxDcf.7Coc6oLsrS,Intern
472,Nissie,Totaro,ntotarod3@disqus.com,$2a$04$y2uKK/lX9e7hkFhPktYTfO8eT8.V1wveMgKetrpKs7enVL207MzUW,Tribe Master
473,Allayne,Alltimes,aalltimesd4@sogou.com,$2a$04$pykcUnjbsxBpbc5LpJVdbe9Ri0uuHNPU.vyVVrCz7By5KSmiu8exK,Senior Developer
474,Gwen,Hutcheon,ghutcheond5@symantec.com,$2a$04$w29snx.1hGYnvjnnwiXlPOL2z3F2TiaYqzeInLjNHzYRHcKMF8jBi,Tribe Master
475,Joanie,Winters,jwintersd6@tinyurl.com,$2a$04$mK41tCeg8N8y/MKUvyq8wutPd4trcwPfIaPYoQAuEnwPz94X6CJQa,Tribe Master
476,Benoite,Tatters,btattersd7@ted.com,$2a$04$lsHiEyvA/k2BESNoiNbGkOdt.8rgntGjYy8xjpJeMsmp981xWXUS.,Consultant
477,Tannie,Russ,trussd8@wufoo.com,$2a$04$C9G5ACdJqC589zzxOS0Lfe/ED4LPsgC/dlc7k9NbYD12xXKdmBgQC,Admin
478,Val,Fone,vfoned9@epa.gov,$2a$04$X9qz0PPtMUtU6akC16PF2eiiCFLChKoAf6OKDlSGTYMSTYuv2gOoq,Consultant
479,Basilio,Jurick,bjurickda@desdev.cn,$2a$04$6BE8lspoOmAOcZgUs358pOcl3.CVtlJBnfxN4PCZwez68RnG.A8AC,Intern
480,Laughton,Dunlap,ldunlapdb@apache.org,$2a$04$6EgkF9tZD9tQlHqDLEdf2.cQwN2TnQa0J4yIFmCrmDXwGFAr2zJxq,Consultant
481,Tris,Rubinov,trubinovdc@bbb.org,$2a$04$ZjXsldm4zW0pnQ7neMDKfOAhEAyxwWCXKNy6G.apYp6FrzovgkVP.,Intern
482,Avril,Playford,aplayforddd@t.co,$2a$04$XKozUWzib2.S/IJ8tb2MDuyyfKTovwaqzdFZXiIGk4wUmh2vnyhAu,Intern
483,Nathanial,Wontner,nwontnerde@elegantthemes.com,$2a$04$iCGa4bezYx6GW9kF/f.c7eGcWsTr8Xw7AHr6sZlralSseWxjMgZ2m,Tribe Master
484,Hartley,Cargo,hcargodf@infoseek.co.jp,$2a$04$h4G7xfvxVWuBuh.XLazm7ebwtqCm4OC8fF/hVCMDSW/T4zj0MhhjS,Intern
485,Harris,Plimmer,hplimmerdg@google.it,$2a$04$HZJT80EwO2/zeksajRvzMu47jdSfRLMKSwbMhzMfjyPtEo/akqz9W,Consultant
486,Noel,Sket,nsketdh@soundcloud.com,$2a$04$MpZSumpvUuTjkm3UsMtvG.yzPQ8pUx8HlqB5.9cWheRidYqeyqVQu,Intern
487,Seline,Castangia,scastangiadi@paginegialle.it,$2a$04$493vrNX683zkpVeZDFz5fOQWcJpBQDQEw41jvkqAEOb4RBor49CAy,Tribe Master
488,Cornelle,Jantzen,cjantzendj@tripadvisor.com,$2a$04$1rxAHbXYIj5x8p0lRIImfO2DeMCxGO7Anf.LVoFwJyBLj0OszAbXu,Consultant
489,Claus,Wrangle,cwrangledk@buzzfeed.com,$2a$04$iHiFBgR1sev5OeIEGdSz3OucS1qwaWz1mW2VkyLxfg36qRA3lcE3i,Tribe Master
490,Carie,Linzey,clinzeydl@plala.or.jp,$2a$04$MVfE2/MgAV9gO5OGtwM3I.DIIlcDVb5oxxBVjN2KXWvxtc60lPah2,Consultant
491,Xylia,Madders,xmaddersdm@narod.ru,$2a$04$n1ZRDc8lEbnO0X2mLVSFOuwLTh.27awi39xgiIqrQk./qp.lengKy,Senior Developer
492,Wes,Simoncelli,wsimoncellidn@opera.com,$2a$04$kSao.2Fsg2Ple0aeNCYN5u6kY9WMmQxnqs/foODLmjZ0P9phMFy5a,Consultant
493,Zachery,Cossentine,zcossentinedo@surveymonkey.com,$2a$04$vDHSsxa0A0YQUvNK74CzyeykqsGPVNnUgI/kKhgAGhUE1hz8h.0NW,Tribe Master
494,Tori,Habbin,thabbindp@nyu.edu,$2a$04$5vXQtYMHMXoKEu.b.1LUJebOEKQrtoEnhHIzIprlRCoDYfv2CsI.S,Consultant
495,Nicola,Kielt,nkieltdq@cbsnews.com,$2a$04$KznamS31Gnd9bZ4rrqv8iecpxHPTkZ5lSA.gna5d0On6tzR60xE2i,Admin
496,Sybille,Girod,sgiroddr@paypal.com,$2a$04$217N774cA4EPxL3z5gNs4.tq7If/AuM7tdu6vVlnBjCquvIEZqYY2,Intern
497,Rayna,Crowcum,rcrowcumds@tripod.com,$2a$04$Rw.4wx6ueBu3vKUrp.Gtnu1nfhHZdCopuS7QmbzLmEgCv7Mljj1Hy,Senior Developer
498,Arch,Coey,acoeydt@npr.org,$2a$04$bJxttYkDZOQkojj/HCgUV.tGdX3TbGeKY47c07TxU5TZ0CbshEGTe,Senior Developer
499,Tierney,Hudghton,thudghtondu@upenn.edu,$2a$04$Oy8ez4Zx0T9NMZ/EwOQ2YudfsYRRE4EC80fa7V18j8yTp2sh/EHnS,Intern
500,Ellary,Fawdrey,efawdreydv@java.com,$2a$04$XKNKpxNgzwpZb5t9AU57dOAS2jf1jt2QQYbHIVUrKymXTwQfqzcVC,Intern
